"","X","Year","Month","Day","Hour","Min","Humidity","Temperature_F","Windspeed_mph","Wind_direction_deg","Air_Pressure_mb","Site","Parameter","Date..LST.","Value","Unit","Duration","QC.Name"
"1",1,2014,1,1,0,0,13,44.6,13.4,290,1014,"Beijing","PM2.5","2014-01-01 00:00",53,"unit","1 Hr","Valid"
"2",2,2014,1,1,1,0,13,44.6,8.9,260,1013,"Beijing","PM2.5","2014-01-01 01:00",65,"unit","1 Hr","Valid"
"3",3,2014,1,1,2,0,14,42.8,8.9,300,1013,"Beijing","PM2.5","2014-01-01 02:00",70,"unit","1 Hr","Valid"
"4",4,2014,1,1,3,0,14,42.8,4.5,290,1013,"Beijing","PM2.5","2014-01-01 03:00",79,"unit","1 Hr","Valid"
"5",5,2014,1,1,4,0,20,37.4,2.2,0,1012,"Beijing","PM2.5","2014-01-01 04:00",92,"unit","1 Hr","Valid"
"6",6,2014,1,1,5,0,19,39.2,8.9,290,1012,"Beijing","PM2.5","2014-01-01 05:00",106,"unit","1 Hr","Valid"
"7",7,2014,1,1,6,0,15,42.8,11.2,290,1012,"Beijing","PM2.5","2014-01-01 06:00",75,"unit","1 Hr","Valid"
"8",8,2014,1,1,7,0,15,42.8,15.7,290,1013,"Beijing","PM2.5","2014-01-01 07:00",58,"unit","1 Hr","Valid"
"9",9,2014,1,1,8,0,16,42.8,13.4,290,1013,"Beijing","PM2.5","2014-01-01 08:00",33,"unit","1 Hr","Valid"
"10",10,2014,1,1,9,0,15,44.6,11.2,290,1014,"Beijing","PM2.5","2014-01-01 09:00",51,"unit","1 Hr","Valid"
"11",11,2014,1,1,10,0,14,46.4,11.2,290,1015,"Beijing","PM2.5","2014-01-01 10:00",32,"unit","1 Hr","Valid"
"12",12,2014,1,1,11,0,13,48.2,17.9,290,1015,"Beijing","PM2.5","2014-01-01 11:00",23,"unit","1 Hr","Valid"
"13",13,2014,1,1,12,0,14,50,20.1,290,1015,"Beijing","PM2.5","2014-01-01 12:00",28,"unit","1 Hr","Valid"
"14",14,2014,1,1,13,0,12,51.8,15.7,290,1014,"Beijing","PM2.5","2014-01-01 13:00",23,"unit","1 Hr","Valid"
"15",15,2014,1,1,14,0,13,51.8,17.9,300,1014,"Beijing","PM2.5","2014-01-01 14:00",24,"unit","1 Hr","Valid"
"16",16,2014,1,1,15,0,13,51.8,15.7,290,1014,"Beijing","PM2.5","2014-01-01 15:00",26,"unit","1 Hr","Valid"
"17",17,2014,1,1,16,0,13,51.8,13.4,290,1014,"Beijing","PM2.5","2014-01-01 16:00",26,"unit","1 Hr","Valid"
"18",18,2014,1,1,17,0,15,50,11.2,290,1015,"Beijing","PM2.5","2014-01-01 17:00",27,"unit","1 Hr","Valid"
"19",19,2014,1,1,18,0,16,48.2,6.7,280,1015,"Beijing","PM2.5","2014-01-01 18:00",43,"unit","1 Hr","Valid"
"20",20,2014,1,1,19,0,16,48.2,4.5,240,1016,"Beijing","PM2.5","2014-01-01 19:00",62,"unit","1 Hr","Valid"
"21",21,2014,1,1,20,0,28,37.4,2.2,110,1017,"Beijing","PM2.5","2014-01-01 20:00",70,"unit","1 Hr","Valid"
"22",22,2014,1,1,21,0,35,32,4.5,70,1017,"Beijing","PM2.5","2014-01-01 21:00",81,"unit","1 Hr","Valid"
"23",23,2014,1,1,22,0,44,30.2,2.2,80,1018,"Beijing","PM2.5","2014-01-01 22:00",111,"unit","1 Hr","Valid"
"24",24,2014,1,1,23,0,41,32,4.5,10,1019,"Beijing","PM2.5","2014-01-01 23:00",144,"unit","1 Hr","Valid"
"25",25,2014,1,2,0,0,43,28.4,2.2,20,1019,"Beijing","PM2.5","2014-01-02 00:00",170,"unit","1 Hr","Valid"
"26",26,2014,1,2,1,0,54,24.8,2.2,0,1019,"Beijing","PM2.5","2014-01-02 01:00",174,"unit","1 Hr","Valid"
"27",27,2014,1,2,2,0,54,24.8,0,0,1019,"Beijing","PM2.5","2014-01-02 02:00",174,"unit","1 Hr","Valid"
"28",28,2014,1,2,3,0,54,24.8,2.2,10,1019,"Beijing","PM2.5","2014-01-02 03:00",172,"unit","1 Hr","Valid"
"29",29,2014,1,2,4,0,59,23,2.2,0,1020,"Beijing","PM2.5","2014-01-02 04:00",149,"unit","1 Hr","Valid"
"30",30,2014,1,2,5,0,55,28.4,4.5,90,1020,"Beijing","PM2.5","2014-01-02 05:00",166,"unit","1 Hr","Valid"
"31",31,2014,1,2,6,0,69,28.4,4.5,110,1020,"Beijing","PM2.5","2014-01-02 06:00",187,"unit","1 Hr","Valid"
"32",32,2014,1,2,7,0,74,23,2.2,40,1020,"Beijing","PM2.5","2014-01-02 07:00",107,"unit","1 Hr","Valid"
"33",33,2014,1,2,8,0,74,23,6.7,360,1021,"Beijing","PM2.5","2014-01-02 08:00",114,"unit","1 Hr","Valid"
"34",34,2014,1,2,9,0,69,28.4,4.5,360,1021,"Beijing","PM2.5","2014-01-02 09:00",108,"unit","1 Hr","Valid"
"35",35,2014,1,2,10,0,52,35.6,4.5,290,1021,"Beijing","PM2.5","2014-01-02 10:00",102,"unit","1 Hr","Valid"
"36",36,2014,1,2,11,0,42,39.2,2.2,0,1020,"Beijing","PM2.5","2014-01-02 11:00",95,"unit","1 Hr","Valid"
"37",37,2014,1,2,12,0,39,41,2.2,0,1019,"Beijing","PM2.5","2014-01-02 12:00",127,"unit","1 Hr","Valid"
"38",38,2014,1,2,13,0,31,44.6,2.2,0,1017,"Beijing","PM2.5","2014-01-02 13:00",125,"unit","1 Hr","Valid"
"39",39,2014,1,2,14,0,31,44.6,4.5,0,1016,"Beijing","PM2.5","2014-01-02 14:00",128,"unit","1 Hr","Valid"
"40",40,2014,1,2,15,0,29,44.6,2.2,0,1016,"Beijing","PM2.5","2014-01-02 15:00",146,"unit","1 Hr","Valid"
"41",41,2014,1,2,16,0,31,42.8,0,0,1016,"Beijing","PM2.5","2014-01-02 16:00",165,"unit","1 Hr","Valid"
"42",42,2014,1,2,17,0,39,39.2,2.2,0,1016,"Beijing","PM2.5","2014-01-02 17:00",173,"unit","1 Hr","Valid"
"43",43,2014,1,2,18,0,45,37.4,2.2,0,1016,"Beijing","PM2.5","2014-01-02 18:00",195,"unit","1 Hr","Valid"
"44",44,2014,1,2,19,0,48,33.8,2.2,0,1016,"Beijing","PM2.5","2014-01-02 19:00",239,"unit","1 Hr","Valid"
"45",45,2014,1,2,20,0,55,32,2.2,0,1017,"Beijing","PM2.5","2014-01-02 20:00",232,"unit","1 Hr","Valid"
"46",46,2014,1,2,21,0,55,32,2.2,90,1017,"Beijing","PM2.5","2014-01-02 21:00",242,"unit","1 Hr","Valid"
"47",47,2014,1,2,22,0,60,30.2,4.5,20,1017,"Beijing","PM2.5","2014-01-02 22:00",269,"unit","1 Hr","Valid"
"48",48,2014,1,2,23,0,64,30.2,8.9,360,1018,"Beijing","PM2.5","2014-01-02 23:00",264,"unit","1 Hr","Valid"
"49",49,2014,1,3,0,0,51,32,6.7,360,1018,"Beijing","PM2.5","2014-01-03 00:00",220,"unit","1 Hr","Valid"
"50",50,2014,1,3,1,0,48,33.8,0,0,1018,"Beijing","PM2.5","2014-01-03 01:00",146,"unit","1 Hr","Valid"
"51",51,2014,1,3,2,0,51,32,8.9,10,1019,"Beijing","PM2.5","2014-01-03 02:00",34,"unit","1 Hr","Valid"
"52",52,2014,1,3,3,0,48,33.8,2.2,0,1019,"Beijing","PM2.5","2014-01-03 03:00",34,"unit","1 Hr","Valid"
"53",53,2014,1,3,4,0,59,28.4,6.7,360,1020,"Beijing","PM2.5","2014-01-03 04:00",35,"unit","1 Hr","Valid"
"54",54,2014,1,3,5,0,55,30.2,8.9,350,1020,"Beijing","PM2.5","2014-01-03 05:00",45,"unit","1 Hr","Valid"
"55",55,2014,1,3,6,0,38,32,2.2,0,1020,"Beijing","PM2.5","2014-01-03 06:00",43,"unit","1 Hr","Valid"
"56",56,2014,1,3,7,0,40,30.2,6.7,10,1022,"Beijing","PM2.5","2014-01-03 07:00",43,"unit","1 Hr","Valid"
"57",57,2014,1,3,8,0,44,30.2,8.9,350,1023,"Beijing","PM2.5","2014-01-03 08:00",36,"unit","1 Hr","Valid"
"58",58,2014,1,3,9,0,28,39.2,8.9,360,1024,"Beijing","PM2.5","2014-01-03 09:00",36,"unit","1 Hr","Valid"
"59",59,2014,1,3,10,0,18,44.6,6.7,350,1025,"Beijing","PM2.5","2014-01-03 10:00",23,"unit","1 Hr","Valid"
"60",60,2014,1,3,11,0,17,46.4,6.7,360,1024,"Beijing","PM2.5","2014-01-03 11:00",25,"unit","1 Hr","Valid"
"61",61,2014,1,3,12,0,17,46.4,6.7,320,1023,"Beijing","PM2.5","2014-01-03 12:00",29,"unit","1 Hr","Valid"
"62",62,2014,1,3,13,0,15,48.2,4.5,10,1022,"Beijing","PM2.5","2014-01-03 13:00",26,"unit","1 Hr","Valid"
"63",63,2014,1,3,14,0,13,48.2,4.5,20,1022,"Beijing","PM2.5","2014-01-03 14:00",21,"unit","1 Hr","Valid"
"64",64,2014,1,3,15,0,16,46.4,4.5,60,1022,"Beijing","PM2.5","2014-01-03 15:00",25,"unit","1 Hr","Valid"
"65",65,2014,1,3,16,0,17,44.6,4.5,80,1022,"Beijing","PM2.5","2014-01-03 16:00",31,"unit","1 Hr","Valid"
"66",66,2014,1,3,17,0,19,41,4.5,90,1023,"Beijing","PM2.5","2014-01-03 17:00",43,"unit","1 Hr","Valid"
"67",67,2014,1,3,18,0,22,37.4,0,0,1023,"Beijing","PM2.5","2014-01-03 18:00",46,"unit","1 Hr","Valid"
"68",68,2014,1,3,19,0,22,37.4,2.2,0,1024,"Beijing","PM2.5","2014-01-03 19:00",50,"unit","1 Hr","Valid"
"69",69,2014,1,3,20,0,28,33.8,2.2,0,1024,"Beijing","PM2.5","2014-01-03 20:00",68,"unit","1 Hr","Valid"
"70",70,2014,1,3,21,0,40,30.2,0,0,1024,"Beijing","PM2.5","2014-01-03 21:00",60,"unit","1 Hr","Valid"
"71",71,2014,1,3,22,0,47,30.2,4.5,110,1025,"Beijing","PM2.5","2014-01-03 22:00",103,"unit","1 Hr","Valid"
"72",72,2014,1,3,23,0,60,30.2,6.7,110,1025,"Beijing","PM2.5","2014-01-03 23:00",85,"unit","1 Hr","Valid"
"73",73,2014,1,4,0,0,69,30.2,4.5,120,1026,"Beijing","PM2.5","2014-01-04 00:00",86,"unit","1 Hr","Valid"
"74",74,2014,1,4,1,0,74,28.4,4.5,110,1025,"Beijing","PM2.5","2014-01-04 01:00",89,"unit","1 Hr","Valid"
"75",75,2014,1,4,2,0,69,28.4,2.2,0,1025,"Beijing","PM2.5","2014-01-04 02:00",77,"unit","1 Hr","Valid"
"76",76,2014,1,4,3,0,69,28.4,4.5,140,1025,"Beijing","PM2.5","2014-01-04 03:00",77,"unit","1 Hr","Valid"
"77",77,2014,1,4,4,0,74,23,0,0,1025,"Beijing","PM2.5","2014-01-04 04:00",75,"unit","1 Hr","Valid"
"78",78,2014,1,4,5,0,74,23,2.2,0,1025,"Beijing","PM2.5","2014-01-04 05:00",80,"unit","1 Hr","Valid"
"79",79,2014,1,4,6,0,80,21.2,0,0,1025,"Beijing","PM2.5","2014-01-04 06:00",86,"unit","1 Hr","Valid"
"80",80,2014,1,4,7,0,80,24.8,2.2,90,1025,"Beijing","PM2.5","2014-01-04 07:00",95,"unit","1 Hr","Valid"
"81",81,2014,1,4,8,0,74,26.6,2.2,0,1025,"Beijing","PM2.5","2014-01-04 08:00",101,"unit","1 Hr","Valid"
"82",82,2014,1,4,9,0,74,28.4,2.2,110,1025,"Beijing","PM2.5","2014-01-04 09:00",132,"unit","1 Hr","Valid"
"83",83,2014,1,4,10,0,69,30.2,2.2,140,1025,"Beijing","PM2.5","2014-01-04 10:00",153,"unit","1 Hr","Valid"
"84",84,2014,1,4,11,0,75,30.2,4.5,100,1024,"Beijing","PM2.5","2014-01-04 11:00",173,"unit","1 Hr","Valid"
"85",85,2014,1,4,12,0,64,32,4.5,70,1023,"Beijing","PM2.5","2014-01-04 12:00",178,"unit","1 Hr","Valid"
"86",86,2014,1,4,13,0,56,33.8,2.2,0,1021,"Beijing","PM2.5","2014-01-04 13:00",176,"unit","1 Hr","Valid"
"87",87,2014,1,4,14,0,52,35.6,4.5,150,1020,"Beijing","PM2.5","2014-01-04 14:00",209,"unit","1 Hr","Valid"
"88",88,2014,1,4,15,0,52,35.6,2.2,0,1020,"Beijing","PM2.5","2014-01-04 15:00",219,"unit","1 Hr","Valid"
"89",89,2014,1,4,16,0,52,35.6,4.5,330,1020,"Beijing","PM2.5","2014-01-04 16:00",224,"unit","1 Hr","Valid"
"90",90,2014,1,4,17,0,56,33.8,4.5,310,1020,"Beijing","PM2.5","2014-01-04 17:00",212,"unit","1 Hr","Valid"
"91",91,2014,1,4,18,0,64,28.4,6.7,360,1020,"Beijing","PM2.5","2014-01-04 18:00",221,"unit","1 Hr","Valid"
"92",92,2014,1,4,19,0,69,26.6,4.5,360,1021,"Beijing","PM2.5","2014-01-04 19:00",221,"unit","1 Hr","Valid"
"93",93,2014,1,4,20,0,74,24.8,4.5,10,1021,"Beijing","PM2.5","2014-01-04 20:00",217,"unit","1 Hr","Valid"
"94",94,2014,1,4,21,0,74,24.8,2.2,0,1021,"Beijing","PM2.5","2014-01-04 21:00",203,"unit","1 Hr","Valid"
"95",95,2014,1,4,22,0,74,24.8,2.2,0,1021,"Beijing","PM2.5","2014-01-04 22:00",221,"unit","1 Hr","Valid"
"96",96,2014,1,4,23,0,74,23,4.5,330,1021,"Beijing","PM2.5","2014-01-04 23:00",192,"unit","1 Hr","Valid"
"97",97,2014,1,5,0,0,74,24.8,4.5,330,1021,"Beijing","PM2.5","2014-01-05 00:00",183,"unit","1 Hr","Valid"
"98",98,2014,1,5,1,0,74,21.2,6.7,340,1022,"Beijing","PM2.5","2014-01-05 01:00",175,"unit","1 Hr","Valid"
"99",99,2014,1,5,2,0,80,23,8.9,350,1022,"Beijing","PM2.5","2014-01-05 02:00",177,"unit","1 Hr","Valid"
"100",100,2014,1,5,3,0,80,21.2,8.9,360,1022,"Beijing","PM2.5","2014-01-05 03:00",183,"unit","1 Hr","Valid"
"101",101,2014,1,5,4,0,80,19.4,6.7,350,1023,"Beijing","PM2.5","2014-01-05 04:00",155,"unit","1 Hr","Valid"
"102",102,2014,1,5,5,0,80,19.4,11.2,360,1023,"Beijing","PM2.5","2014-01-05 05:00",151,"unit","1 Hr","Valid"
"103",103,2014,1,5,6,0,80,21.2,8.9,350,1023,"Beijing","PM2.5","2014-01-05 06:00",137,"unit","1 Hr","Valid"
"104",104,2014,1,5,7,0,80,19.4,6.7,340,1024,"Beijing","PM2.5","2014-01-05 07:00",109,"unit","1 Hr","Valid"
"105",105,2014,1,5,8,0,74,24.8,11.2,340,1024,"Beijing","PM2.5","2014-01-05 08:00",140,"unit","1 Hr","Valid"
"106",106,2014,1,5,9,0,64,28.4,11.2,330,1025,"Beijing","PM2.5","2014-01-05 09:00",117,"unit","1 Hr","Valid"
"107",107,2014,1,5,10,0,52,33.8,6.7,350,1026,"Beijing","PM2.5","2014-01-05 10:00",128,"unit","1 Hr","Valid"
"108",108,2014,1,5,11,0,29,41,6.7,360,1026,"Beijing","PM2.5","2014-01-05 11:00",54,"unit","1 Hr","Valid"
"109",109,2014,1,5,12,0,24,41,6.7,40,1025,"Beijing","PM2.5","2014-01-05 12:00",34,"unit","1 Hr","Valid"
"110",110,2014,1,5,13,0,24,41,6.7,60,1024,"Beijing","PM2.5","2014-01-05 13:00",32,"unit","1 Hr","Valid"
"111",111,2014,1,5,14,0,21,42.8,6.7,30,1024,"Beijing","PM2.5","2014-01-05 14:00",28,"unit","1 Hr","Valid"
"112",112,2014,1,5,15,0,21,42.8,6.7,30,1024,"Beijing","PM2.5","2014-01-05 15:00",29,"unit","1 Hr","Valid"
"113",113,2014,1,5,16,0,21,42.8,6.7,80,1024,"Beijing","PM2.5","2014-01-05 16:00",37,"unit","1 Hr","Valid"
"114",114,2014,1,5,17,0,26,37.4,4.5,140,1024,"Beijing","PM2.5","2014-01-05 17:00",46,"unit","1 Hr","Valid"
"115",115,2014,1,5,18,0,30,33.8,4.5,170,1025,"Beijing","PM2.5","2014-01-05 18:00",54,"unit","1 Hr","Valid"
"116",116,2014,1,5,19,0,44,30.2,2.2,0,1025,"Beijing","PM2.5","2014-01-05 19:00",53,"unit","1 Hr","Valid"
"117",117,2014,1,5,20,0,47,28.4,2.2,0,1026,"Beijing","PM2.5","2014-01-05 20:00",47,"unit","1 Hr","Valid"
"118",118,2014,1,5,21,0,41,32,8.9,160,1026,"Beijing","PM2.5","2014-01-05 21:00",112,"unit","1 Hr","Valid"
"119",119,2014,1,5,22,0,55,30.2,6.7,150,1027,"Beijing","PM2.5","2014-01-05 22:00",125,"unit","1 Hr","Valid"
"120",120,2014,1,5,23,0,64,28.4,4.5,120,1028,"Beijing","PM2.5","2014-01-05 23:00",128,"unit","1 Hr","Valid"
"121",121,2014,1,6,0,0,74,26.6,2.2,0,1028,"Beijing","PM2.5","2014-01-06 00:00",126,"unit","1 Hr","Valid"
"122",122,2014,1,6,1,0,80,28.4,2.2,0,1028,"Beijing","PM2.5","2014-01-06 01:00",153,"unit","1 Hr","Valid"
"123",123,2014,1,6,2,0,75,30.2,2.2,0,1028,"Beijing","PM2.5","2014-01-06 02:00",157,"unit","1 Hr","Valid"
"124",124,2014,1,6,3,0,75,30.2,0,0,1028,"Beijing","PM2.5","2014-01-06 03:00",144,"unit","1 Hr","Valid"
"125",125,2014,1,6,4,0,75,30.2,2.2,110,1027,"Beijing","PM2.5","2014-01-06 04:00",138,"unit","1 Hr","Valid"
"126",126,2014,1,6,5,0,75,30.2,2.2,0,1027,"Beijing","PM2.5","2014-01-06 05:00",128,"unit","1 Hr","Valid"
"127",127,2014,1,6,6,0,75,30.2,4.5,160,1027,"Beijing","PM2.5","2014-01-06 06:00",126,"unit","1 Hr","Valid"
"128",128,2014,1,6,7,0,75,30.2,4.5,150,1027,"Beijing","PM2.5","2014-01-06 07:00",126,"unit","1 Hr","Valid"
"129",129,2014,1,6,8,0,75,30.2,4.5,130,1027,"Beijing","PM2.5","2014-01-06 08:00",159,"unit","1 Hr","Valid"
"130",130,2014,1,6,9,0,69,30.2,6.7,140,1028,"Beijing","PM2.5","2014-01-06 09:00",149,"unit","1 Hr","Valid"
"131",131,2014,1,6,10,0,75,30.2,6.7,150,1028,"Beijing","PM2.5","2014-01-06 10:00",123,"unit","1 Hr","Valid"
"132",132,2014,1,6,11,0,75,32,8.9,150,1027,"Beijing","PM2.5","2014-01-06 11:00",150,"unit","1 Hr","Valid"
"133",133,2014,1,6,12,0,75,32,6.7,160,1026,"Beijing","PM2.5","2014-01-06 12:00",146,"unit","1 Hr","Valid"
"134",134,2014,1,6,13,0,69,32,8.9,160,1025,"Beijing","PM2.5","2014-01-06 13:00",145,"unit","1 Hr","Valid"
"135",135,2014,1,6,14,0,69,32,6.7,140,1024,"Beijing","PM2.5","2014-01-06 14:00",160,"unit","1 Hr","Valid"
"136",136,2014,1,6,15,0,69,32,4.5,150,1024,"Beijing","PM2.5","2014-01-06 15:00",148,"unit","1 Hr","Valid"
"137",137,2014,1,6,16,0,69,32,4.5,150,1024,"Beijing","PM2.5","2014-01-06 16:00",156,"unit","1 Hr","Valid"
"138",138,2014,1,6,17,0,69,32,2.2,150,1024,"Beijing","PM2.5","2014-01-06 17:00",158,"unit","1 Hr","Valid"
"139",139,2014,1,6,18,0,69,28.4,2.2,80,1024,"Beijing","PM2.5","2014-01-06 18:00",167,"unit","1 Hr","Valid"
"140",140,2014,1,6,19,0,74,28.4,2.2,70,1024,"Beijing","PM2.5","2014-01-06 19:00",171,"unit","1 Hr","Valid"
"141",141,2014,1,6,20,0,75,30.2,2.2,90,1025,"Beijing","PM2.5","2014-01-06 20:00",177,"unit","1 Hr","Valid"
"142",142,2014,1,6,21,0,69,30.2,2.2,90,1025,"Beijing","PM2.5","2014-01-06 21:00",185,"unit","1 Hr","Valid"
"143",143,2014,1,6,22,0,69,30.2,2.2,60,1025,"Beijing","PM2.5","2014-01-06 22:00",201,"unit","1 Hr","Valid"
"144",144,2014,1,6,23,0,69,30.2,2.2,0,1024,"Beijing","PM2.5","2014-01-06 23:00",217,"unit","1 Hr","Valid"
"145",145,2014,1,7,0,0,69,30.2,0,0,1024,"Beijing","PM2.5","2014-01-07 00:00",208,"unit","1 Hr","Valid"
"146",146,2014,1,7,1,0,74,28.4,2.2,30,1024,"Beijing","PM2.5","2014-01-07 01:00",204,"unit","1 Hr","Valid"
"147",147,2014,1,7,2,0,80,24.8,2.2,0,1024,"Beijing","PM2.5","2014-01-07 02:00",213,"unit","1 Hr","Valid"
"148",148,2014,1,7,3,0,80,24.8,2.2,10,1025,"Beijing","PM2.5","2014-01-07 03:00",256,"unit","1 Hr","Valid"
"149",149,2014,1,7,4,0,80,26.6,4.5,350,1025,"Beijing","PM2.5","2014-01-07 04:00",211,"unit","1 Hr","Valid"
"150",150,2014,1,7,5,0,80,26.6,6.7,360,1024,"Beijing","PM2.5","2014-01-07 05:00",203,"unit","1 Hr","Valid"
"151",151,2014,1,7,6,0,80,23,6.7,360,1024,"Beijing","PM2.5","2014-01-07 06:00",212,"unit","1 Hr","Valid"
"152",152,2014,1,7,7,0,86,23,6.7,360,1025,"Beijing","PM2.5","2014-01-07 07:00",205,"unit","1 Hr","Valid"
"153",153,2014,1,7,8,0,80,26.6,8.9,350,1026,"Beijing","PM2.5","2014-01-07 08:00",196,"unit","1 Hr","Valid"
"154",154,2014,1,7,9,0,64,30.2,8.9,10,1027,"Beijing","PM2.5","2014-01-07 09:00",182,"unit","1 Hr","Valid"
"155",155,2014,1,7,10,0,52,33.8,8.9,360,1028,"Beijing","PM2.5","2014-01-07 10:00",124,"unit","1 Hr","Valid"
"156",156,2014,1,7,11,0,36,37.4,8.9,20,1027,"Beijing","PM2.5","2014-01-07 11:00",102,"unit","1 Hr","Valid"
"157",157,2014,1,7,12,0,28,37.4,11.2,30,1027,"Beijing","PM2.5","2014-01-07 12:00",77,"unit","1 Hr","Valid"
"158",158,2014,1,7,13,0,24,41,8.9,30,1026,"Beijing","PM2.5","2014-01-07 13:00",48,"unit","1 Hr","Valid"
"159",159,2014,1,7,14,0,21,41,8.9,30,1026,"Beijing","PM2.5","2014-01-07 14:00",38,"unit","1 Hr","Valid"
"160",160,2014,1,7,15,0,21,41,6.7,360,1026,"Beijing","PM2.5","2014-01-07 15:00",31,"unit","1 Hr","Valid"
"161",161,2014,1,7,16,0,21,41,4.5,30,1027,"Beijing","PM2.5","2014-01-07 16:00",27,"unit","1 Hr","Valid"
"162",162,2014,1,7,17,0,22,39.2,4.5,340,1028,"Beijing","PM2.5","2014-01-07 17:00",33,"unit","1 Hr","Valid"
"163",163,2014,1,7,18,0,22,39.2,6.7,340,1028,"Beijing","PM2.5","2014-01-07 18:00",35,"unit","1 Hr","Valid"
"164",164,2014,1,7,19,0,32,30.2,8.9,360,1029,"Beijing","PM2.5","2014-01-07 19:00",29,"unit","1 Hr","Valid"
"165",165,2014,1,7,20,0,25,30.2,6.7,360,1030,"Beijing","PM2.5","2014-01-07 20:00",24,"unit","1 Hr","Valid"
"166",166,2014,1,7,21,0,21,32,8.9,10,1031,"Beijing","PM2.5","2014-01-07 21:00",26,"unit","1 Hr","Valid"
"167",167,2014,1,7,22,0,14,32,8.9,10,1032,"Beijing","PM2.5","2014-01-07 22:00",11,"unit","1 Hr","Valid"
"168",168,2014,1,7,23,0,26,24.8,8.9,360,1032,"Beijing","PM2.5","2014-01-07 23:00",14,"unit","1 Hr","Valid"
"169",169,2014,1,8,0,0,22,26.6,8.9,10,1032,"Beijing","PM2.5","2014-01-08 00:00",12,"unit","1 Hr","Valid"
"170",170,2014,1,8,1,0,26,24.8,6.7,350,1033,"Beijing","PM2.5","2014-01-08 01:00",9,"unit","1 Hr","Valid"
"171",171,2014,1,8,2,0,26,24.8,6.7,360,1033,"Beijing","PM2.5","2014-01-08 02:00",11,"unit","1 Hr","Valid"
"172",172,2014,1,8,3,0,28,24.8,11.2,360,1033,"Beijing","PM2.5","2014-01-08 03:00",15,"unit","1 Hr","Valid"
"173",173,2014,1,8,4,0,31,23,8.9,10,1034,"Beijing","PM2.5","2014-01-08 04:00",13,"unit","1 Hr","Valid"
"174",174,2014,1,8,5,0,31,23,4.5,30,1034,"Beijing","PM2.5","2014-01-08 05:00",15,"unit","1 Hr","Valid"
"175",175,2014,1,8,6,0,30,21.2,4.5,340,1034,"Beijing","PM2.5","2014-01-08 06:00",17,"unit","1 Hr","Valid"
"176",176,2014,1,8,7,0,33,21.2,11.2,10,1034,"Beijing","PM2.5","2014-01-08 07:00",19,"unit","1 Hr","Valid"
"177",177,2014,1,8,8,0,31,23,8.9,20,1035,"Beijing","PM2.5","2014-01-08 08:00",18,"unit","1 Hr","Valid"
"178",178,2014,1,8,9,0,28,23,6.7,10,1036,"Beijing","PM2.5","2014-01-08 09:00",21,"unit","1 Hr","Valid"
"179",179,2014,1,8,10,0,25,28.4,8.9,360,1036,"Beijing","PM2.5","2014-01-08 10:00",17,"unit","1 Hr","Valid"
"180",180,2014,1,8,11,0,21,30.2,4.5,0,1035,"Beijing","PM2.5","2014-01-08 11:00",22,"unit","1 Hr","Valid"
"181",181,2014,1,8,12,0,11,32,20.1,330,1034,"Beijing","PM2.5","2014-01-08 12:00",23,"unit","1 Hr","Valid"
"182",182,2014,1,8,13,0,11,33.8,15.7,320,1033,"Beijing","PM2.5","2014-01-08 13:00",16,"unit","1 Hr","Valid"
"183",183,2014,1,8,14,0,14,32,13.4,310,1032,"Beijing","PM2.5","2014-01-08 14:00",22,"unit","1 Hr","Valid"
"184",184,2014,1,8,15,0,13,32,13.4,300,1032,"Beijing","PM2.5","2014-01-08 15:00",18,"unit","1 Hr","Valid"
"185",185,2014,1,8,16,0,14,32,13.4,290,1032,"Beijing","PM2.5","2014-01-08 16:00",17,"unit","1 Hr","Valid"
"186",186,2014,1,8,17,0,14,30.2,13.4,300,1033,"Beijing","PM2.5","2014-01-08 17:00",21,"unit","1 Hr","Valid"
"187",187,2014,1,8,18,0,15,28.4,11.2,320,1033,"Beijing","PM2.5","2014-01-08 18:00",23,"unit","1 Hr","Valid"
"188",188,2014,1,8,19,0,16,28.4,11.2,320,1033,"Beijing","PM2.5","2014-01-08 19:00",22,"unit","1 Hr","Valid"
"189",189,2014,1,8,20,0,20,23,11.2,350,1034,"Beijing","PM2.5","2014-01-08 20:00",21,"unit","1 Hr","Valid"
"190",190,2014,1,8,21,0,23,19.4,8.9,360,1034,"Beijing","PM2.5","2014-01-08 21:00",23,"unit","1 Hr","Valid"
"191",191,2014,1,8,22,0,30,17.6,4.5,360,1034,"Beijing","PM2.5","2014-01-08 22:00",53,"unit","1 Hr","Valid"
"192",192,2014,1,8,23,0,25,19.4,4.5,180,1034,"Beijing","PM2.5","2014-01-08 23:00",66,"unit","1 Hr","Valid"
"193",193,2014,1,9,0,0,35,14,2.2,0,1034,"Beijing","PM2.5","2014-01-09 00:00",52,"unit","1 Hr","Valid"
"194",194,2014,1,9,1,0,35,14,4.5,10,1033,"Beijing","PM2.5","2014-01-09 01:00",30,"unit","1 Hr","Valid"
"195",195,2014,1,9,2,0,32,15.8,4.5,10,1033,"Beijing","PM2.5","2014-01-09 02:00",10,"unit","1 Hr","Valid"
"196",196,2014,1,9,3,0,38,12.2,6.7,360,1033,"Beijing","PM2.5","2014-01-09 03:00",10,"unit","1 Hr","Valid"
"197",197,2014,1,9,4,0,30,17.6,6.7,320,1033,"Beijing","PM2.5","2014-01-09 04:00",13,"unit","1 Hr","Valid"
"198",198,2014,1,9,5,0,20,21.2,11.2,300,1033,"Beijing","PM2.5","2014-01-09 05:00",11,"unit","1 Hr","Valid"
"199",199,2014,1,9,6,0,23,19.4,8.9,310,1033,"Beijing","PM2.5","2014-01-09 06:00",14,"unit","1 Hr","Valid"
"200",200,2014,1,9,7,0,27,15.8,4.5,350,1033,"Beijing","PM2.5","2014-01-09 07:00",20,"unit","1 Hr","Valid"
"201",201,2014,1,9,8,0,30,15.8,6.7,360,1034,"Beijing","PM2.5","2014-01-09 08:00",22,"unit","1 Hr","Valid"
"202",202,2014,1,9,9,0,19,24.8,8.9,330,1035,"Beijing","PM2.5","2014-01-09 09:00",23,"unit","1 Hr","Valid"
"203",203,2014,1,9,10,0,16,26.6,8.9,320,1035,"Beijing","PM2.5","2014-01-09 10:00",20,"unit","1 Hr","Valid"
"204",204,2014,1,9,11,0,12,28.4,13.4,320,1034,"Beijing","PM2.5","2014-01-09 11:00",17,"unit","1 Hr","Valid"
"205",205,2014,1,9,12,0,11,32,11.2,350,1032,"Beijing","PM2.5","2014-01-09 12:00",14,"unit","1 Hr","Valid"
"206",206,2014,1,9,13,0,7,32,13.4,330,1031,"Beijing","PM2.5","2014-01-09 13:00",10,"unit","1 Hr","Valid"
"207",207,2014,1,9,14,0,6,33.8,13.4,320,1029,"Beijing","PM2.5","2014-01-09 14:00",10,"unit","1 Hr","Valid"
"208",208,2014,1,9,15,0,5,33.8,15.7,310,1029,"Beijing","PM2.5","2014-01-09 15:00",27,"unit","1 Hr","Valid"
"209",209,2014,1,9,16,0,6,33.8,13.4,320,1029,"Beijing","PM2.5","2014-01-09 16:00",44,"unit","1 Hr","Valid"
"210",210,2014,1,9,17,0,13,32,11.2,220,1029,"Beijing","PM2.5","2014-01-09 17:00",53,"unit","1 Hr","Valid"
"211",211,2014,1,9,18,0,16,30.2,6.7,200,1029,"Beijing","PM2.5","2014-01-09 18:00",59,"unit","1 Hr","Valid"
"212",212,2014,1,9,19,0,19,28.4,4.5,200,1030,"Beijing","PM2.5","2014-01-09 19:00",56,"unit","1 Hr","Valid"
"213",213,2014,1,9,20,0,21,28.4,6.7,200,1030,"Beijing","PM2.5","2014-01-09 20:00",58,"unit","1 Hr","Valid"
"214",214,2014,1,9,21,0,19,28.4,4.5,210,1030,"Beijing","PM2.5","2014-01-09 21:00",66,"unit","1 Hr","Valid"
"215",215,2014,1,9,22,0,24,21.2,2.2,0,1031,"Beijing","PM2.5","2014-01-09 22:00",73,"unit","1 Hr","Valid"
"216",216,2014,1,9,23,0,35,17.6,2.2,50,1031,"Beijing","PM2.5","2014-01-09 23:00",83,"unit","1 Hr","Valid"
"217",217,2014,1,10,0,0,41,15.8,2.2,0,1031,"Beijing","PM2.5","2014-01-10 00:00",81,"unit","1 Hr","Valid"
"218",218,2014,1,10,1,0,41,15.8,2.2,0,1031,"Beijing","PM2.5","2014-01-10 01:00",91,"unit","1 Hr","Valid"
"219",219,2014,1,10,2,0,44,10.4,4.5,10,1031,"Beijing","PM2.5","2014-01-10 02:00",104,"unit","1 Hr","Valid"
"220",220,2014,1,10,3,0,41,12.2,4.5,360,1031,"Beijing","PM2.5","2014-01-10 03:00",88,"unit","1 Hr","Valid"
"221",221,2014,1,10,4,0,44,10.4,4.5,350,1031,"Beijing","PM2.5","2014-01-10 04:00",85,"unit","1 Hr","Valid"
"222",222,2014,1,10,5,0,44,8.6,4.5,340,1031,"Beijing","PM2.5","2014-01-10 05:00",66,"unit","1 Hr","Valid"
"223",223,2014,1,10,6,0,48,8.6,6.7,350,1031,"Beijing","PM2.5","2014-01-10 06:00",47,"unit","1 Hr","Valid"
"224",224,2014,1,10,8,0,41,12.2,2.2,0,1031,"Beijing","PM2.5","2014-01-10 08:00",61,"unit","1 Hr","Valid"
"225",225,2014,1,10,9,0,35,17.6,4.5,360,1032,"Beijing","PM2.5","2014-01-10 09:00",47,"unit","1 Hr","Valid"
"226",226,2014,1,10,10,0,26,23,2.2,0,1032,"Beijing","PM2.5","2014-01-10 10:00",61,"unit","1 Hr","Valid"
"227",227,2014,1,10,11,0,19,28.4,2.2,0,1032,"Beijing","PM2.5","2014-01-10 11:00",69,"unit","1 Hr","Valid"
"228",228,2014,1,10,12,0,14,32,2.2,0,1031,"Beijing","PM2.5","2014-01-10 12:00",66,"unit","1 Hr","Valid"
"229",229,2014,1,10,13,0,9,37.4,4.5,350,1030,"Beijing","PM2.5","2014-01-10 13:00",63,"unit","1 Hr","Valid"
"230",230,2014,1,10,14,0,9,37.4,4.5,330,1029,"Beijing","PM2.5","2014-01-10 14:00",43,"unit","1 Hr","Valid"
"231",231,2014,1,10,15,0,9,39.2,4.5,220,1029,"Beijing","PM2.5","2014-01-10 15:00",48,"unit","1 Hr","Valid"
"232",232,2014,1,10,16,0,7,41,11.2,320,1029,"Beijing","PM2.5","2014-01-10 16:00",67,"unit","1 Hr","Valid"
"233",233,2014,1,10,17,0,11,35.6,8.9,200,1029,"Beijing","PM2.5","2014-01-10 17:00",87,"unit","1 Hr","Valid"
"234",234,2014,1,10,18,0,12,33.8,8.9,210,1030,"Beijing","PM2.5","2014-01-10 18:00",127,"unit","1 Hr","Valid"
"235",235,2014,1,10,19,0,13,33.8,8.9,230,1030,"Beijing","PM2.5","2014-01-10 19:00",126,"unit","1 Hr","Valid"
"236",236,2014,1,10,20,0,26,26.6,2.2,0,1031,"Beijing","PM2.5","2014-01-10 20:00",126,"unit","1 Hr","Valid"
"237",237,2014,1,10,21,0,14,33.8,2.2,0,1031,"Beijing","PM2.5","2014-01-10 21:00",106,"unit","1 Hr","Valid"
"238",238,2014,1,10,22,0,33,23,4.5,120,1032,"Beijing","PM2.5","2014-01-10 22:00",104,"unit","1 Hr","Valid"
"239",239,2014,1,10,23,0,38,17.6,2.2,90,1032,"Beijing","PM2.5","2014-01-10 23:00",118,"unit","1 Hr","Valid"
"240",240,2014,1,11,0,0,45,15.8,2.2,60,1032,"Beijing","PM2.5","2014-01-11 00:00",141,"unit","1 Hr","Valid"
"241",241,2014,1,11,1,0,45,15.8,2.2,20,1032,"Beijing","PM2.5","2014-01-11 01:00",199,"unit","1 Hr","Valid"
"242",242,2014,1,11,2,0,45,15.8,4.5,10,1032,"Beijing","PM2.5","2014-01-11 02:00",262,"unit","1 Hr","Valid"
"243",243,2014,1,11,3,0,49,14,2.2,350,1032,"Beijing","PM2.5","2014-01-11 03:00",234,"unit","1 Hr","Valid"
"244",244,2014,1,11,4,0,41,14,4.5,360,1032,"Beijing","PM2.5","2014-01-11 04:00",221,"unit","1 Hr","Valid"
"245",245,2014,1,11,5,0,53,12.2,2.2,0,1032,"Beijing","PM2.5","2014-01-11 05:00",177,"unit","1 Hr","Valid"
"246",246,2014,1,11,6,0,52,10.4,2.2,10,1031,"Beijing","PM2.5","2014-01-11 06:00",135,"unit","1 Hr","Valid"
"247",247,2014,1,11,7,0,48,12.2,6.7,360,1031,"Beijing","PM2.5","2014-01-11 07:00",108,"unit","1 Hr","Valid"
"248",248,2014,1,11,8,0,48,12.2,4.5,20,1032,"Beijing","PM2.5","2014-01-11 08:00",97,"unit","1 Hr","Valid"
"249",249,2014,1,11,9,0,42,19.4,2.2,0,1032,"Beijing","PM2.5","2014-01-11 09:00",87,"unit","1 Hr","Valid"
"250",250,2014,1,11,10,0,26,26.6,4.5,340,1032,"Beijing","PM2.5","2014-01-11 10:00",85,"unit","1 Hr","Valid"
"251",251,2014,1,11,11,0,21,30.2,4.5,330,1031,"Beijing","PM2.5","2014-01-11 11:00",81,"unit","1 Hr","Valid"
"252",252,2014,1,11,12,0,13,33.8,4.5,320,1030,"Beijing","PM2.5","2014-01-11 12:00",82,"unit","1 Hr","Valid"
"253",253,2014,1,11,13,0,11,37.4,4.5,0,1029,"Beijing","PM2.5","2014-01-11 13:00",81,"unit","1 Hr","Valid"
"254",254,2014,1,11,14,0,10,41,4.5,280,1028,"Beijing","PM2.5","2014-01-11 14:00",111,"unit","1 Hr","Valid"
"255",255,2014,1,11,15,0,8,41,4.5,0,1027,"Beijing","PM2.5","2014-01-11 15:00",143,"unit","1 Hr","Valid"
"256",256,2014,1,11,16,0,10,39.2,8.9,180,1027,"Beijing","PM2.5","2014-01-11 16:00",153,"unit","1 Hr","Valid"
"257",257,2014,1,11,17,0,16,35.6,6.7,180,1027,"Beijing","PM2.5","2014-01-11 17:00",189,"unit","1 Hr","Valid"
"258",258,2014,1,11,18,0,17,35.6,8.9,200,1028,"Beijing","PM2.5","2014-01-11 18:00",244,"unit","1 Hr","Valid"
"259",259,2014,1,11,19,0,20,35.6,6.7,210,1029,"Beijing","PM2.5","2014-01-11 19:00",273,"unit","1 Hr","Valid"
"260",260,2014,1,11,20,0,34,24.8,2.2,10,1029,"Beijing","PM2.5","2014-01-11 20:00",218,"unit","1 Hr","Valid"
"261",261,2014,1,11,21,0,33,23,4.5,350,1030,"Beijing","PM2.5","2014-01-11 21:00",227,"unit","1 Hr","Valid"
"262",262,2014,1,11,22,0,25,30.2,8.9,310,1031,"Beijing","PM2.5","2014-01-11 22:00",95,"unit","1 Hr","Valid"
"263",263,2014,1,11,23,0,27,28.4,2.2,0,1032,"Beijing","PM2.5","2014-01-11 23:00",20,"unit","1 Hr","Valid"
"264",264,2014,1,12,0,0,17,33.8,20.1,330,1032,"Beijing","PM2.5","2014-01-12 00:00",-999,"unit","1 Hr","Missing"
"265",265,2014,1,12,1,0,21,30.2,15.7,340,1033,"Beijing","PM2.5","2014-01-12 01:00",-999,"unit","1 Hr","Missing"
"266",266,2014,1,12,2,0,16,30.2,17.9,330,1034,"Beijing","PM2.5","2014-01-12 02:00",-999,"unit","1 Hr","Missing"
"267",267,2014,1,12,3,0,22,26.6,13.4,350,1035,"Beijing","PM2.5","2014-01-12 03:00",-999,"unit","1 Hr","Missing"
"268",268,2014,1,12,4,0,26,21.2,8.9,360,1035,"Beijing","PM2.5","2014-01-12 04:00",-999,"unit","1 Hr","Missing"
"269",269,2014,1,12,5,0,30,19.4,8.9,10,1035,"Beijing","PM2.5","2014-01-12 05:00",12,"unit","1 Hr","Valid"
"270",270,2014,1,12,6,0,24,21.2,4.5,360,1036,"Beijing","PM2.5","2014-01-12 06:00",12,"unit","1 Hr","Valid"
"271",271,2014,1,12,7,0,28,19.4,6.7,360,1037,"Beijing","PM2.5","2014-01-12 07:00",17,"unit","1 Hr","Valid"
"272",272,2014,1,12,8,0,28,21.2,2.2,0,1038,"Beijing","PM2.5","2014-01-12 08:00",33,"unit","1 Hr","Valid"
"273",273,2014,1,12,9,0,21,28.4,4.5,330,1039,"Beijing","PM2.5","2014-01-12 09:00",22,"unit","1 Hr","Valid"
"274",274,2014,1,12,10,0,17,32,4.5,330,1039,"Beijing","PM2.5","2014-01-12 10:00",20,"unit","1 Hr","Valid"
"275",275,2014,1,12,11,0,12,33.8,4.5,20,1039,"Beijing","PM2.5","2014-01-12 11:00",10,"unit","1 Hr","Valid"
"276",276,2014,1,12,12,0,12,33.8,2.2,0,1038,"Beijing","PM2.5","2014-01-12 12:00",14,"unit","1 Hr","Valid"
"277",277,2014,1,12,13,0,10,35.6,8.9,310,1036,"Beijing","PM2.5","2014-01-12 13:00",12,"unit","1 Hr","Valid"
"278",278,2014,1,12,14,0,10,35.6,8.9,300,1036,"Beijing","PM2.5","2014-01-12 14:00",12,"unit","1 Hr","Valid"
"279",279,2014,1,12,15,0,9,39.2,8.9,340,1035,"Beijing","PM2.5","2014-01-12 15:00",8,"unit","1 Hr","Valid"
"280",280,2014,1,12,16,0,9,37.4,11.2,310,1035,"Beijing","PM2.5","2014-01-12 16:00",19,"unit","1 Hr","Valid"
"281",281,2014,1,12,17,0,10,35.6,6.7,0,1035,"Beijing","PM2.5","2014-01-12 17:00",40,"unit","1 Hr","Valid"
"282",282,2014,1,12,18,0,12,33.8,6.7,200,1035,"Beijing","PM2.5","2014-01-12 18:00",37,"unit","1 Hr","Valid"
"283",283,2014,1,12,19,0,14,32,8.9,200,1035,"Beijing","PM2.5","2014-01-12 19:00",42,"unit","1 Hr","Valid"
"284",284,2014,1,12,20,0,21,28.4,0,0,1035,"Beijing","PM2.5","2014-01-12 20:00",56,"unit","1 Hr","Valid"
"285",285,2014,1,12,21,0,24,24.8,2.2,0,1035,"Beijing","PM2.5","2014-01-12 21:00",62,"unit","1 Hr","Valid"
"286",286,2014,1,12,22,0,35,17.6,6.7,360,1035,"Beijing","PM2.5","2014-01-12 22:00",57,"unit","1 Hr","Valid"
"287",287,2014,1,12,23,0,35,15.8,2.2,40,1035,"Beijing","PM2.5","2014-01-12 23:00",57,"unit","1 Hr","Valid"
"288",288,2014,1,13,0,0,45,15.8,2.2,0,1034,"Beijing","PM2.5","2014-01-13 00:00",75,"unit","1 Hr","Valid"
"289",289,2014,1,13,1,0,41,15.8,4.5,360,1034,"Beijing","PM2.5","2014-01-13 01:00",96,"unit","1 Hr","Valid"
"290",290,2014,1,13,2,0,41,15.8,2.2,0,1034,"Beijing","PM2.5","2014-01-13 02:00",110,"unit","1 Hr","Valid"
"291",291,2014,1,13,3,0,49,15.8,4.5,350,1034,"Beijing","PM2.5","2014-01-13 03:00",97,"unit","1 Hr","Valid"
"292",292,2014,1,13,4,0,48,12.2,4.5,350,1033,"Beijing","PM2.5","2014-01-13 04:00",105,"unit","1 Hr","Valid"
"293",293,2014,1,13,5,0,48,12.2,4.5,360,1033,"Beijing","PM2.5","2014-01-13 05:00",84,"unit","1 Hr","Valid"
"294",294,2014,1,13,6,0,57,10.4,2.2,30,1033,"Beijing","PM2.5","2014-01-13 06:00",106,"unit","1 Hr","Valid"
"295",295,2014,1,13,7,0,53,12.2,4.5,350,1033,"Beijing","PM2.5","2014-01-13 07:00",112,"unit","1 Hr","Valid"
"296",296,2014,1,13,8,0,53,12.2,2.2,50,1033,"Beijing","PM2.5","2014-01-13 08:00",120,"unit","1 Hr","Valid"
"297",297,2014,1,13,9,0,49,17.6,4.5,20,1034,"Beijing","PM2.5","2014-01-13 09:00",117,"unit","1 Hr","Valid"
"298",298,2014,1,13,10,0,34,24.8,2.2,0,1033,"Beijing","PM2.5","2014-01-13 10:00",118,"unit","1 Hr","Valid"
"299",299,2014,1,13,11,0,27,30.2,2.2,0,1033,"Beijing","PM2.5","2014-01-13 11:00",106,"unit","1 Hr","Valid"
"300",300,2014,1,13,12,0,23,32,2.2,0,1031,"Beijing","PM2.5","2014-01-13 12:00",96,"unit","1 Hr","Valid"
"301",301,2014,1,13,13,0,15,33.8,2.2,0,1030,"Beijing","PM2.5","2014-01-13 13:00",82,"unit","1 Hr","Valid"
"302",302,2014,1,13,14,0,16,35.6,2.2,0,1029,"Beijing","PM2.5","2014-01-13 14:00",63,"unit","1 Hr","Valid"
"303",303,2014,1,13,15,0,13,37.4,4.5,200,1029,"Beijing","PM2.5","2014-01-13 15:00",79,"unit","1 Hr","Valid"
"304",304,2014,1,13,16,0,13,37.4,2.2,0,1029,"Beijing","PM2.5","2014-01-13 16:00",125,"unit","1 Hr","Valid"
"305",305,2014,1,13,17,0,18,32,2.2,80,1029,"Beijing","PM2.5","2014-01-13 17:00",119,"unit","1 Hr","Valid"
"306",306,2014,1,13,18,0,25,28.4,2.2,0,1030,"Beijing","PM2.5","2014-01-13 18:00",115,"unit","1 Hr","Valid"
"307",307,2014,1,13,19,0,36,21.2,4.5,70,1030,"Beijing","PM2.5","2014-01-13 19:00",131,"unit","1 Hr","Valid"
"308",308,2014,1,13,20,0,46,21.2,4.5,90,1031,"Beijing","PM2.5","2014-01-13 20:00",177,"unit","1 Hr","Valid"
"309",309,2014,1,13,21,0,42,19.4,4.5,20,1031,"Beijing","PM2.5","2014-01-13 21:00",287,"unit","1 Hr","Valid"
"310",310,2014,1,13,22,0,46,19.4,2.2,130,1032,"Beijing","PM2.5","2014-01-13 22:00",299,"unit","1 Hr","Valid"
"311",311,2014,1,13,23,0,42,17.6,4.5,20,1032,"Beijing","PM2.5","2014-01-13 23:00",250,"unit","1 Hr","Valid"
"312",312,2014,1,14,0,0,42,19.4,4.5,360,1033,"Beijing","PM2.5","2014-01-14 00:00",159,"unit","1 Hr","Valid"
"313",313,2014,1,14,1,0,42,17.6,4.5,350,1033,"Beijing","PM2.5","2014-01-14 01:00",124,"unit","1 Hr","Valid"
"314",314,2014,1,14,2,0,41,15.8,6.7,350,1033,"Beijing","PM2.5","2014-01-14 02:00",123,"unit","1 Hr","Valid"
"315",315,2014,1,14,3,0,42,17.6,11.2,350,1034,"Beijing","PM2.5","2014-01-14 03:00",49,"unit","1 Hr","Valid"
"316",316,2014,1,14,4,0,41,14,8.9,350,1034,"Beijing","PM2.5","2014-01-14 04:00",36,"unit","1 Hr","Valid"
"317",317,2014,1,14,5,0,45,15.8,2.2,0,1034,"Beijing","PM2.5","2014-01-14 05:00",59,"unit","1 Hr","Valid"
"318",318,2014,1,14,6,0,41,15.8,2.2,0,1034,"Beijing","PM2.5","2014-01-14 06:00",85,"unit","1 Hr","Valid"
"319",319,2014,1,14,7,0,49,15.8,2.2,0,1035,"Beijing","PM2.5","2014-01-14 07:00",170,"unit","1 Hr","Valid"
"320",320,2014,1,14,8,0,57,12.2,4.5,10,1035,"Beijing","PM2.5","2014-01-14 08:00",180,"unit","1 Hr","Valid"
"321",321,2014,1,14,9,0,54,19.4,4.5,10,1036,"Beijing","PM2.5","2014-01-14 09:00",227,"unit","1 Hr","Valid"
"322",322,2014,1,14,10,0,47,28.4,4.5,10,1036,"Beijing","PM2.5","2014-01-14 10:00",199,"unit","1 Hr","Valid"
"323",323,2014,1,14,11,0,23,30.2,2.2,0,1036,"Beijing","PM2.5","2014-01-14 11:00",168,"unit","1 Hr","Valid"
"324",324,2014,1,14,12,0,15,33.8,2.2,0,1035,"Beijing","PM2.5","2014-01-14 12:00",93,"unit","1 Hr","Valid"
"325",325,2014,1,14,13,0,13,35.6,2.2,0,1033,"Beijing","PM2.5","2014-01-14 13:00",80,"unit","1 Hr","Valid"
"326",326,2014,1,14,14,0,13,37.4,4.5,310,1033,"Beijing","PM2.5","2014-01-14 14:00",111,"unit","1 Hr","Valid"
"327",327,2014,1,14,15,0,15,37.4,4.5,0,1033,"Beijing","PM2.5","2014-01-14 15:00",133,"unit","1 Hr","Valid"
"328",328,2014,1,14,16,0,19,37.4,6.7,200,1032,"Beijing","PM2.5","2014-01-14 16:00",135,"unit","1 Hr","Valid"
"329",329,2014,1,14,17,0,25,33.8,6.7,200,1033,"Beijing","PM2.5","2014-01-14 17:00",94,"unit","1 Hr","Valid"
"330",330,2014,1,14,18,0,30,32,6.7,190,1033,"Beijing","PM2.5","2014-01-14 18:00",103,"unit","1 Hr","Valid"
"331",331,2014,1,14,19,0,27,32,6.7,210,1033,"Beijing","PM2.5","2014-01-14 19:00",92,"unit","1 Hr","Valid"
"332",332,2014,1,14,20,0,28,33.8,4.5,0,1033,"Beijing","PM2.5","2014-01-14 20:00",93,"unit","1 Hr","Valid"
"333",333,2014,1,14,21,0,46,23,2.2,0,1034,"Beijing","PM2.5","2014-01-14 21:00",109,"unit","1 Hr","Valid"
"334",334,2014,1,14,22,0,50,23,2.2,0,1034,"Beijing","PM2.5","2014-01-14 22:00",122,"unit","1 Hr","Valid"
"335",335,2014,1,14,23,0,54,21.2,2.2,0,1034,"Beijing","PM2.5","2014-01-14 23:00",123,"unit","1 Hr","Valid"
"336",336,2014,1,15,0,0,58,17.6,2.2,70,1034,"Beijing","PM2.5","2014-01-15 00:00",122,"unit","1 Hr","Valid"
"337",337,2014,1,15,1,0,63,17.6,2.2,360,1033,"Beijing","PM2.5","2014-01-15 01:00",172,"unit","1 Hr","Valid"
"338",338,2014,1,15,2,0,54,19.4,4.5,10,1034,"Beijing","PM2.5","2014-01-15 02:00",213,"unit","1 Hr","Valid"
"339",339,2014,1,15,3,0,57,14,4.5,350,1033,"Beijing","PM2.5","2014-01-15 03:00",196,"unit","1 Hr","Valid"
"340",340,2014,1,15,4,0,57,14,4.5,340,1033,"Beijing","PM2.5","2014-01-15 04:00",158,"unit","1 Hr","Valid"
"341",341,2014,1,15,5,0,53,14,2.2,0,1033,"Beijing","PM2.5","2014-01-15 05:00",103,"unit","1 Hr","Valid"
"342",342,2014,1,15,6,0,49,14,2.2,0,1032,"Beijing","PM2.5","2014-01-15 06:00",90,"unit","1 Hr","Valid"
"343",343,2014,1,15,7,0,53,14,6.7,340,1033,"Beijing","PM2.5","2014-01-15 07:00",70,"unit","1 Hr","Valid"
"344",344,2014,1,15,8,0,42,19.4,4.5,330,1033,"Beijing","PM2.5","2014-01-15 08:00",67,"unit","1 Hr","Valid"
"345",345,2014,1,15,9,0,36,23,6.7,340,1033,"Beijing","PM2.5","2014-01-15 09:00",66,"unit","1 Hr","Valid"
"346",346,2014,1,15,10,0,31,28.4,8.9,340,1033,"Beijing","PM2.5","2014-01-15 10:00",52,"unit","1 Hr","Valid"
"347",347,2014,1,15,11,0,25,32,4.5,330,1033,"Beijing","PM2.5","2014-01-15 11:00",55,"unit","1 Hr","Valid"
"348",348,2014,1,15,12,0,18,35.6,4.5,0,1032,"Beijing","PM2.5","2014-01-15 12:00",51,"unit","1 Hr","Valid"
"349",349,2014,1,15,13,0,13,41,2.2,0,1030,"Beijing","PM2.5","2014-01-15 13:00",47,"unit","1 Hr","Valid"
"350",350,2014,1,15,14,0,13,41,2.2,0,1029,"Beijing","PM2.5","2014-01-15 14:00",48,"unit","1 Hr","Valid"
"351",351,2014,1,15,15,0,13,41,4.5,0,1029,"Beijing","PM2.5","2014-01-15 15:00",60,"unit","1 Hr","Valid"
"352",352,2014,1,15,16,0,12,41,2.2,0,1029,"Beijing","PM2.5","2014-01-15 16:00",88,"unit","1 Hr","Valid"
"353",353,2014,1,15,17,0,14,35.6,4.5,140,1028,"Beijing","PM2.5","2014-01-15 17:00",279,"unit","1 Hr","Valid"
"354",354,2014,1,15,18,0,26,35.6,8.9,190,1029,"Beijing","PM2.5","2014-01-15 18:00",435,"unit","1 Hr","Valid"
"355",355,2014,1,15,19,0,32,32,6.7,180,1029,"Beijing","PM2.5","2014-01-15 19:00",489,"unit","1 Hr","Valid"
"356",356,2014,1,15,20,0,43,28.4,2.2,0,1029,"Beijing","PM2.5","2014-01-15 20:00",513,"unit","1 Hr","Valid"
"357",357,2014,1,15,21,0,51,28.4,2.2,0,1029,"Beijing","PM2.5","2014-01-15 21:00",539,"unit","1 Hr","Valid"
"358",358,2014,1,15,22,0,51,28.4,4.5,90,1028,"Beijing","PM2.5","2014-01-15 22:00",567,"unit","1 Hr","Valid"
"359",359,2014,1,15,23,0,55,28.4,2.2,0,1029,"Beijing","PM2.5","2014-01-15 23:00",569,"unit","1 Hr","Valid"
"360",360,2014,1,16,0,0,59,26.6,4.5,90,1028,"Beijing","PM2.5","2014-01-16 00:00",659,"unit","1 Hr","Valid"
"361",361,2014,1,16,1,0,64,26.6,2.2,0,1027,"Beijing","PM2.5","2014-01-16 01:00",648,"unit","1 Hr","Valid"
"362",362,2014,1,16,2,0,64,26.6,2.2,0,1027,"Beijing","PM2.5","2014-01-16 02:00",651,"unit","1 Hr","Valid"
"363",363,2014,1,16,3,0,69,26.6,2.2,0,1027,"Beijing","PM2.5","2014-01-16 03:00",671,"unit","1 Hr","Valid"
"364",364,2014,1,16,4,0,74,26.6,4.5,70,1027,"Beijing","PM2.5","2014-01-16 04:00",623,"unit","1 Hr","Valid"
"365",365,2014,1,16,5,0,74,26.6,4.5,100,1026,"Beijing","PM2.5","2014-01-16 05:00",618,"unit","1 Hr","Valid"
"366",366,2014,1,16,6,0,80,24.8,2.2,350,1027,"Beijing","PM2.5","2014-01-16 06:00",532,"unit","1 Hr","Valid"
"367",367,2014,1,16,7,0,80,24.8,2.2,10,1027,"Beijing","PM2.5","2014-01-16 07:00",477,"unit","1 Hr","Valid"
"368",368,2014,1,16,8,0,80,23,4.5,10,1028,"Beijing","PM2.5","2014-01-16 08:00",479,"unit","1 Hr","Valid"
"369",369,2014,1,16,9,0,80,23,4.5,10,1028,"Beijing","PM2.5","2014-01-16 09:00",490,"unit","1 Hr","Valid"
"370",370,2014,1,16,10,0,74,28.4,2.2,0,1028,"Beijing","PM2.5","2014-01-16 10:00",476,"unit","1 Hr","Valid"
"371",371,2014,1,16,11,0,41,33.8,4.5,20,1028,"Beijing","PM2.5","2014-01-16 11:00",457,"unit","1 Hr","Valid"
"372",372,2014,1,16,12,0,38,35.6,8.9,20,1027,"Beijing","PM2.5","2014-01-16 12:00",327,"unit","1 Hr","Valid"
"373",373,2014,1,16,13,0,38,37.4,6.7,40,1027,"Beijing","PM2.5","2014-01-16 13:00",161,"unit","1 Hr","Valid"
"374",374,2014,1,16,14,0,33,39.2,4.5,80,1026,"Beijing","PM2.5","2014-01-16 14:00",286,"unit","1 Hr","Valid"
"375",375,2014,1,16,15,0,23,41,4.5,80,1027,"Beijing","PM2.5","2014-01-16 15:00",298,"unit","1 Hr","Valid"
"376",376,2014,1,16,16,0,24,41,4.5,150,1027,"Beijing","PM2.5","2014-01-16 16:00",310,"unit","1 Hr","Valid"
"377",377,2014,1,16,17,0,36,37.4,4.5,110,1027,"Beijing","PM2.5","2014-01-16 17:00",332,"unit","1 Hr","Valid"
"378",378,2014,1,16,18,0,60,32,6.7,130,1029,"Beijing","PM2.5","2014-01-16 18:00",391,"unit","1 Hr","Valid"
"379",379,2014,1,16,19,0,69,28.4,4.5,130,1029,"Beijing","PM2.5","2014-01-16 19:00",437,"unit","1 Hr","Valid"
"380",380,2014,1,16,20,0,69,30.2,4.5,160,1030,"Beijing","PM2.5","2014-01-16 20:00",422,"unit","1 Hr","Valid"
"381",381,2014,1,16,21,0,75,30.2,2.2,0,1031,"Beijing","PM2.5","2014-01-16 21:00",320,"unit","1 Hr","Valid"
"382",382,2014,1,16,22,0,80,28.4,4.5,150,1031,"Beijing","PM2.5","2014-01-16 22:00",346,"unit","1 Hr","Valid"
"383",383,2014,1,16,23,0,80,30.2,4.5,130,1031,"Beijing","PM2.5","2014-01-16 23:00",351,"unit","1 Hr","Valid"
"384",384,2014,1,17,0,0,80,30.2,8.9,160,1031,"Beijing","PM2.5","2014-01-17 00:00",297,"unit","1 Hr","Valid"
"385",385,2014,1,17,1,0,80,28.4,6.7,130,1031,"Beijing","PM2.5","2014-01-17 01:00",290,"unit","1 Hr","Valid"
"386",386,2014,1,17,2,0,80,28.4,6.7,140,1031,"Beijing","PM2.5","2014-01-17 02:00",250,"unit","1 Hr","Valid"
"387",387,2014,1,17,3,0,69,28.4,11.2,150,1031,"Beijing","PM2.5","2014-01-17 03:00",170,"unit","1 Hr","Valid"
"388",388,2014,1,17,4,0,55,28.4,11.2,150,1031,"Beijing","PM2.5","2014-01-17 04:00",103,"unit","1 Hr","Valid"
"389",389,2014,1,17,5,0,59,26.6,13.4,150,1031,"Beijing","PM2.5","2014-01-17 05:00",79,"unit","1 Hr","Valid"
"390",390,2014,1,17,6,0,59,26.6,11.2,170,1031,"Beijing","PM2.5","2014-01-17 06:00",73,"unit","1 Hr","Valid"
"391",391,2014,1,17,7,0,59,26.6,2.2,0,1032,"Beijing","PM2.5","2014-01-17 07:00",74,"unit","1 Hr","Valid"
"392",392,2014,1,17,8,0,59,26.6,4.5,140,1032,"Beijing","PM2.5","2014-01-17 08:00",77,"unit","1 Hr","Valid"
"393",393,2014,1,17,9,0,59,26.6,4.5,130,1033,"Beijing","PM2.5","2014-01-17 09:00",81,"unit","1 Hr","Valid"
"394",394,2014,1,17,10,0,55,28.4,4.5,160,1033,"Beijing","PM2.5","2014-01-17 10:00",95,"unit","1 Hr","Valid"
"395",395,2014,1,17,11,0,51,32,2.2,0,1033,"Beijing","PM2.5","2014-01-17 11:00",115,"unit","1 Hr","Valid"
"396",396,2014,1,17,12,0,44,33.8,4.5,120,1032,"Beijing","PM2.5","2014-01-17 12:00",77,"unit","1 Hr","Valid"
"397",397,2014,1,17,13,0,36,37.4,2.2,0,1031,"Beijing","PM2.5","2014-01-17 13:00",67,"unit","1 Hr","Valid"
"398",398,2014,1,17,14,0,26,41,4.5,0,1030,"Beijing","PM2.5","2014-01-17 14:00",13,"unit","1 Hr","Valid"
"399",399,2014,1,17,15,0,14,41,15.7,300,1030,"Beijing","PM2.5","2014-01-17 15:00",12,"unit","1 Hr","Valid"
"400",400,2014,1,17,16,0,14,41,15.7,290,1030,"Beijing","PM2.5","2014-01-17 16:00",10,"unit","1 Hr","Valid"
"401",401,2014,1,17,17,0,14,39.2,15.7,280,1030,"Beijing","PM2.5","2014-01-17 17:00",195,"unit","1 Hr","Valid"
"402",402,2014,1,17,18,0,12,39.2,15.7,280,1031,"Beijing","PM2.5","2014-01-17 18:00",238,"unit","1 Hr","Valid"
"403",403,2014,1,17,19,0,15,37.4,8.9,260,1031,"Beijing","PM2.5","2014-01-17 19:00",293,"unit","1 Hr","Valid"
"404",404,2014,1,17,20,0,15,37.4,8.9,290,1031,"Beijing","PM2.5","2014-01-17 20:00",384,"unit","1 Hr","Valid"
"405",405,2014,1,17,21,0,15,37.4,8.9,320,1032,"Beijing","PM2.5","2014-01-17 21:00",381,"unit","1 Hr","Valid"
"406",406,2014,1,17,22,0,27,30.2,8.9,360,1032,"Beijing","PM2.5","2014-01-17 22:00",296,"unit","1 Hr","Valid"
"407",407,2014,1,17,23,0,13,37.4,11.2,330,1032,"Beijing","PM2.5","2014-01-17 23:00",38,"unit","1 Hr","Valid"
"408",408,2014,1,18,0,0,17,33.8,11.2,340,1032,"Beijing","PM2.5","2014-01-18 00:00",19,"unit","1 Hr","Valid"
"409",409,2014,1,18,1,0,25,28.4,6.7,360,1032,"Beijing","PM2.5","2014-01-18 01:00",22,"unit","1 Hr","Valid"
"410",410,2014,1,18,2,0,17,35.6,13.4,320,1033,"Beijing","PM2.5","2014-01-18 02:00",20,"unit","1 Hr","Valid"
"411",411,2014,1,18,3,0,29,30.2,11.2,350,1033,"Beijing","PM2.5","2014-01-18 03:00",14,"unit","1 Hr","Valid"
"412",412,2014,1,18,4,0,36,24.8,11.2,360,1033,"Beijing","PM2.5","2014-01-18 04:00",23,"unit","1 Hr","Valid"
"413",413,2014,1,18,5,0,43,23,4.5,50,1033,"Beijing","PM2.5","2014-01-18 05:00",19,"unit","1 Hr","Valid"
"414",414,2014,1,18,6,0,53,17.6,4.5,20,1033,"Beijing","PM2.5","2014-01-18 06:00",22,"unit","1 Hr","Valid"
"415",415,2014,1,18,7,0,42,21.2,6.7,20,1034,"Beijing","PM2.5","2014-01-18 07:00",33,"unit","1 Hr","Valid"
"416",416,2014,1,18,8,0,43,23,6.7,350,1034,"Beijing","PM2.5","2014-01-18 08:00",42,"unit","1 Hr","Valid"
"417",417,2014,1,18,9,0,34,30.2,6.7,10,1035,"Beijing","PM2.5","2014-01-18 09:00",40,"unit","1 Hr","Valid"
"418",418,2014,1,18,10,0,19,37.4,6.7,10,1035,"Beijing","PM2.5","2014-01-18 10:00",43,"unit","1 Hr","Valid"
"419",419,2014,1,18,11,0,16,39.2,8.9,20,1035,"Beijing","PM2.5","2014-01-18 11:00",56,"unit","1 Hr","Valid"
"420",420,2014,1,18,12,0,15,41,2.2,0,1034,"Beijing","PM2.5","2014-01-18 12:00",57,"unit","1 Hr","Valid"
"421",421,2014,1,18,13,0,13,42.8,4.5,0,1033,"Beijing","PM2.5","2014-01-18 13:00",153,"unit","1 Hr","Valid"
"422",422,2014,1,18,14,0,14,42.8,6.7,170,1032,"Beijing","PM2.5","2014-01-18 14:00",108,"unit","1 Hr","Valid"
"423",423,2014,1,18,15,0,15,42.8,8.9,200,1032,"Beijing","PM2.5","2014-01-18 15:00",89,"unit","1 Hr","Valid"
"424",424,2014,1,18,16,0,18,41,11.2,190,1031,"Beijing","PM2.5","2014-01-18 16:00",87,"unit","1 Hr","Valid"
"425",425,2014,1,18,17,0,20,37.4,8.9,180,1031,"Beijing","PM2.5","2014-01-18 17:00",95,"unit","1 Hr","Valid"
"426",426,2014,1,18,18,0,19,37.4,4.5,170,1032,"Beijing","PM2.5","2014-01-18 18:00",111,"unit","1 Hr","Valid"
"427",427,2014,1,18,19,0,28,33.8,2.2,0,1032,"Beijing","PM2.5","2014-01-18 19:00",112,"unit","1 Hr","Valid"
"428",428,2014,1,18,20,0,30,33.8,4.5,170,1031,"Beijing","PM2.5","2014-01-18 20:00",145,"unit","1 Hr","Valid"
"429",429,2014,1,18,21,0,32,33.8,8.9,160,1031,"Beijing","PM2.5","2014-01-18 21:00",184,"unit","1 Hr","Valid"
"430",430,2014,1,18,22,0,47,28.4,4.5,120,1032,"Beijing","PM2.5","2014-01-18 22:00",178,"unit","1 Hr","Valid"
"431",431,2014,1,18,23,0,51,28.4,8.9,130,1031,"Beijing","PM2.5","2014-01-18 23:00",170,"unit","1 Hr","Valid"
"432",432,2014,1,19,0,0,59,28.4,8.9,130,1030,"Beijing","PM2.5","2014-01-19 00:00",161,"unit","1 Hr","Valid"
"433",433,2014,1,19,1,0,64,28.4,8.9,120,1030,"Beijing","PM2.5","2014-01-19 01:00",133,"unit","1 Hr","Valid"
"434",434,2014,1,19,2,0,64,28.4,4.5,110,1030,"Beijing","PM2.5","2014-01-19 02:00",114,"unit","1 Hr","Valid"
"435",435,2014,1,19,3,0,64,28.4,6.7,120,1028,"Beijing","PM2.5","2014-01-19 03:00",112,"unit","1 Hr","Valid"
"436",436,2014,1,19,4,0,69,28.4,2.2,0,1027,"Beijing","PM2.5","2014-01-19 04:00",114,"unit","1 Hr","Valid"
"437",437,2014,1,19,5,0,74,26.6,2.2,0,1027,"Beijing","PM2.5","2014-01-19 05:00",130,"unit","1 Hr","Valid"
"438",438,2014,1,19,6,0,74,26.6,4.5,120,1026,"Beijing","PM2.5","2014-01-19 06:00",133,"unit","1 Hr","Valid"
"439",439,2014,1,19,7,0,69,28.4,2.2,0,1026,"Beijing","PM2.5","2014-01-19 07:00",143,"unit","1 Hr","Valid"
"440",440,2014,1,19,8,0,74,26.6,2.2,0,1025,"Beijing","PM2.5","2014-01-19 08:00",137,"unit","1 Hr","Valid"
"441",441,2014,1,19,9,0,69,28.4,2.2,0,1026,"Beijing","PM2.5","2014-01-19 09:00",143,"unit","1 Hr","Valid"
"442",442,2014,1,19,10,0,74,28.4,4.5,350,1026,"Beijing","PM2.5","2014-01-19 10:00",145,"unit","1 Hr","Valid"
"443",443,2014,1,19,11,0,69,30.2,4.5,10,1025,"Beijing","PM2.5","2014-01-19 11:00",185,"unit","1 Hr","Valid"
"444",444,2014,1,19,12,0,56,33.8,2.2,0,1023,"Beijing","PM2.5","2014-01-19 12:00",198,"unit","1 Hr","Valid"
"445",445,2014,1,19,13,0,48,35.6,4.5,0,1021,"Beijing","PM2.5","2014-01-19 13:00",205,"unit","1 Hr","Valid"
"446",446,2014,1,19,14,0,41,37.4,4.5,150,1020,"Beijing","PM2.5","2014-01-19 14:00",195,"unit","1 Hr","Valid"
"447",447,2014,1,19,15,0,41,37.4,6.7,160,1020,"Beijing","PM2.5","2014-01-19 15:00",203,"unit","1 Hr","Valid"
"448",448,2014,1,19,16,0,41,37.4,4.5,170,1020,"Beijing","PM2.5","2014-01-19 16:00",209,"unit","1 Hr","Valid"
"449",449,2014,1,19,17,0,41,37.4,4.5,190,1021,"Beijing","PM2.5","2014-01-19 17:00",202,"unit","1 Hr","Valid"
"450",450,2014,1,19,18,0,48,33.8,2.2,0,1022,"Beijing","PM2.5","2014-01-19 18:00",28,"unit","1 Hr","Valid"
"451",451,2014,1,19,19,0,14,41,26.8,290,1023,"Beijing","PM2.5","2014-01-19 19:00",26,"unit","1 Hr","Valid"
"452",452,2014,1,19,20,0,16,37.4,22.4,290,1024,"Beijing","PM2.5","2014-01-19 20:00",22,"unit","1 Hr","Valid"
"453",453,2014,1,19,21,0,17,35.6,17.9,310,1025,"Beijing","PM2.5","2014-01-19 21:00",24,"unit","1 Hr","Valid"
"454",454,2014,1,19,22,0,16,35.6,20.1,300,1026,"Beijing","PM2.5","2014-01-19 22:00",16,"unit","1 Hr","Valid"
"455",455,2014,1,19,23,0,18,33.8,15.7,300,1025,"Beijing","PM2.5","2014-01-19 23:00",16,"unit","1 Hr","Valid"
"456",456,2014,1,20,0,0,25,30.2,8.9,330,1025,"Beijing","PM2.5","2014-01-20 00:00",17,"unit","1 Hr","Valid"
"457",457,2014,1,20,1,0,21,32,22.4,340,1026,"Beijing","PM2.5","2014-01-20 01:00",7,"unit","1 Hr","Valid"
"458",458,2014,1,20,2,0,21,30.2,22.4,340,1027,"Beijing","PM2.5","2014-01-20 02:00",9,"unit","1 Hr","Valid"
"459",459,2014,1,20,3,0,18,30.2,33.6,330,1027,"Beijing","PM2.5","2014-01-20 03:00",10,"unit","1 Hr","Valid"
"460",460,2014,1,20,4,0,21,28.4,29.1,330,1027,"Beijing","PM2.5","2014-01-20 04:00",8,"unit","1 Hr","Valid"
"461",461,2014,1,20,5,0,23,28.4,24.6,340,1028,"Beijing","PM2.5","2014-01-20 05:00",7,"unit","1 Hr","Valid"
"462",462,2014,1,20,6,0,24,26.6,13.4,340,1028,"Beijing","PM2.5","2014-01-20 06:00",10,"unit","1 Hr","Valid"
"463",463,2014,1,20,7,0,23,28.4,20.1,320,1028,"Beijing","PM2.5","2014-01-20 07:00",11,"unit","1 Hr","Valid"
"464",464,2014,1,20,8,0,23,28.4,26.8,330,1029,"Beijing","PM2.5","2014-01-20 08:00",11,"unit","1 Hr","Valid"
"465",465,2014,1,20,9,0,21,30.2,24.6,320,1029,"Beijing","PM2.5","2014-01-20 09:00",10,"unit","1 Hr","Valid"
"466",466,2014,1,20,10,0,17,32,26.8,320,1030,"Beijing","PM2.5","2014-01-20 10:00",7,"unit","1 Hr","Valid"
"467",467,2014,1,20,11,0,14,33.8,26.8,320,1030,"Beijing","PM2.5","2014-01-20 11:00",9,"unit","1 Hr","Valid"
"468",468,2014,1,20,12,0,12,35.6,26.8,320,1030,"Beijing","PM2.5","2014-01-20 12:00",14,"unit","1 Hr","Valid"
"469",469,2014,1,20,13,0,12,37.4,24.6,320,1029,"Beijing","PM2.5","2014-01-20 13:00",13,"unit","1 Hr","Valid"
"470",470,2014,1,20,14,0,11,39.2,29.1,320,1029,"Beijing","PM2.5","2014-01-20 14:00",14,"unit","1 Hr","Valid"
"471",471,2014,1,20,15,0,11,37.4,26.8,320,1029,"Beijing","PM2.5","2014-01-20 15:00",9,"unit","1 Hr","Valid"
"472",472,2014,1,20,16,0,12,37.4,24.6,320,1030,"Beijing","PM2.5","2014-01-20 16:00",14,"unit","1 Hr","Valid"
"473",473,2014,1,20,17,0,13,35.6,22.4,310,1030,"Beijing","PM2.5","2014-01-20 17:00",9,"unit","1 Hr","Valid"
"474",474,2014,1,20,18,0,14,33.8,22.4,320,1032,"Beijing","PM2.5","2014-01-20 18:00",8,"unit","1 Hr","Valid"
"475",475,2014,1,20,19,0,17,32,17.9,320,1032,"Beijing","PM2.5","2014-01-20 19:00",10,"unit","1 Hr","Valid"
"476",476,2014,1,20,20,0,21,32,15.7,320,1033,"Beijing","PM2.5","2014-01-20 20:00",8,"unit","1 Hr","Valid"
"477",477,2014,1,20,21,0,23,30.2,15.7,310,1034,"Beijing","PM2.5","2014-01-20 21:00",9,"unit","1 Hr","Valid"
"478",478,2014,1,20,22,0,23,30.2,11.2,320,1034,"Beijing","PM2.5","2014-01-20 22:00",11,"unit","1 Hr","Valid"
"479",479,2014,1,20,23,0,23,30.2,15.7,320,1034,"Beijing","PM2.5","2014-01-20 23:00",11,"unit","1 Hr","Valid"
"480",480,2014,1,21,0,0,25,28.4,15.7,330,1034,"Beijing","PM2.5","2014-01-21 00:00",10,"unit","1 Hr","Valid"
"481",481,2014,1,21,1,0,26,26.6,13.4,340,1034,"Beijing","PM2.5","2014-01-21 01:00",15,"unit","1 Hr","Valid"
"482",482,2014,1,21,2,0,21,28.4,20.1,330,1034,"Beijing","PM2.5","2014-01-21 02:00",13,"unit","1 Hr","Valid"
"483",483,2014,1,21,3,0,28,21.2,8.9,350,1035,"Beijing","PM2.5","2014-01-21 03:00",16,"unit","1 Hr","Valid"
"484",484,2014,1,21,4,0,24,24.8,11.2,320,1035,"Beijing","PM2.5","2014-01-21 04:00",13,"unit","1 Hr","Valid"
"485",485,2014,1,21,5,0,28,21.2,6.7,340,1035,"Beijing","PM2.5","2014-01-21 05:00",18,"unit","1 Hr","Valid"
"486",486,2014,1,21,6,0,28,23,11.2,350,1035,"Beijing","PM2.5","2014-01-21 06:00",18,"unit","1 Hr","Valid"
"487",487,2014,1,21,7,0,26,23,11.2,10,1035,"Beijing","PM2.5","2014-01-21 07:00",22,"unit","1 Hr","Valid"
"488",488,2014,1,21,8,0,28,23,6.7,30,1035,"Beijing","PM2.5","2014-01-21 08:00",23,"unit","1 Hr","Valid"
"489",489,2014,1,21,9,0,26,26.6,6.7,20,1035,"Beijing","PM2.5","2014-01-21 09:00",24,"unit","1 Hr","Valid"
"490",490,2014,1,21,10,0,21,30.2,6.7,10,1035,"Beijing","PM2.5","2014-01-21 10:00",24,"unit","1 Hr","Valid"
"491",491,2014,1,21,11,0,14,35.6,6.7,350,1035,"Beijing","PM2.5","2014-01-21 11:00",23,"unit","1 Hr","Valid"
"492",492,2014,1,21,12,0,13,35.6,2.2,0,1033,"Beijing","PM2.5","2014-01-21 12:00",23,"unit","1 Hr","Valid"
"493",493,2014,1,21,13,0,11,39.2,4.5,320,1032,"Beijing","PM2.5","2014-01-21 13:00",42,"unit","1 Hr","Valid"
"494",494,2014,1,21,14,0,10,39.2,6.7,0,1030,"Beijing","PM2.5","2014-01-21 14:00",54,"unit","1 Hr","Valid"
"495",495,2014,1,21,15,0,11,39.2,8.9,220,1030,"Beijing","PM2.5","2014-01-21 15:00",48,"unit","1 Hr","Valid"
"496",496,2014,1,21,16,0,12,37.4,11.2,200,1029,"Beijing","PM2.5","2014-01-21 16:00",66,"unit","1 Hr","Valid"
"497",497,2014,1,21,17,0,13,37.4,8.9,200,1029,"Beijing","PM2.5","2014-01-21 17:00",56,"unit","1 Hr","Valid"
"498",498,2014,1,21,18,0,14,33.8,6.7,190,1029,"Beijing","PM2.5","2014-01-21 18:00",67,"unit","1 Hr","Valid"
"499",499,2014,1,21,19,0,15,33.8,6.7,200,1029,"Beijing","PM2.5","2014-01-21 19:00",95,"unit","1 Hr","Valid"
"500",500,2014,1,21,20,0,23,30.2,4.5,150,1028,"Beijing","PM2.5","2014-01-21 20:00",111,"unit","1 Hr","Valid"
"501",501,2014,1,21,21,0,25,30.2,4.5,170,1028,"Beijing","PM2.5","2014-01-21 21:00",112,"unit","1 Hr","Valid"
"502",502,2014,1,21,22,0,34,24.8,2.2,0,1028,"Beijing","PM2.5","2014-01-21 22:00",113,"unit","1 Hr","Valid"
"503",503,2014,1,21,23,0,36,23,2.2,60,1027,"Beijing","PM2.5","2014-01-21 23:00",127,"unit","1 Hr","Valid"
"504",504,2014,1,22,0,0,39,21.2,4.5,80,1027,"Beijing","PM2.5","2014-01-22 00:00",137,"unit","1 Hr","Valid"
"505",505,2014,1,22,1,0,36,21.2,2.2,50,1026,"Beijing","PM2.5","2014-01-22 01:00",164,"unit","1 Hr","Valid"
"506",506,2014,1,22,2,0,45,17.6,2.2,360,1026,"Beijing","PM2.5","2014-01-22 02:00",190,"unit","1 Hr","Valid"
"507",507,2014,1,22,3,0,45,17.6,4.5,360,1026,"Beijing","PM2.5","2014-01-22 03:00",175,"unit","1 Hr","Valid"
"508",508,2014,1,22,4,0,49,15.8,4.5,360,1025,"Beijing","PM2.5","2014-01-22 04:00",142,"unit","1 Hr","Valid"
"509",509,2014,1,22,5,0,49,15.8,4.5,360,1025,"Beijing","PM2.5","2014-01-22 05:00",107,"unit","1 Hr","Valid"
"510",510,2014,1,22,6,0,53,15.8,4.5,350,1025,"Beijing","PM2.5","2014-01-22 06:00",101,"unit","1 Hr","Valid"
"511",511,2014,1,22,7,0,49,14,6.7,350,1025,"Beijing","PM2.5","2014-01-22 07:00",100,"unit","1 Hr","Valid"
"512",512,2014,1,22,8,0,49,15.8,6.7,360,1025,"Beijing","PM2.5","2014-01-22 08:00",97,"unit","1 Hr","Valid"
"513",513,2014,1,22,9,0,43,23,2.2,0,1025,"Beijing","PM2.5","2014-01-22 09:00",101,"unit","1 Hr","Valid"
"514",514,2014,1,22,10,0,29,28.4,6.7,340,1025,"Beijing","PM2.5","2014-01-22 10:00",105,"unit","1 Hr","Valid"
"515",515,2014,1,22,11,0,21,32,4.5,320,1025,"Beijing","PM2.5","2014-01-22 11:00",117,"unit","1 Hr","Valid"
"516",516,2014,1,22,12,0,18,35.6,2.2,0,1024,"Beijing","PM2.5","2014-01-22 12:00",119,"unit","1 Hr","Valid"
"517",517,2014,1,22,13,0,17,37.4,4.5,210,1023,"Beijing","PM2.5","2014-01-22 13:00",115,"unit","1 Hr","Valid"
"518",518,2014,1,22,14,0,14,41,4.5,140,1021,"Beijing","PM2.5","2014-01-22 14:00",125,"unit","1 Hr","Valid"
"519",519,2014,1,22,15,0,13,41,2.2,0,1021,"Beijing","PM2.5","2014-01-22 15:00",-999,"unit","1 Hr","Missing"
"520",520,2014,1,22,16,0,14,41,4.5,200,1021,"Beijing","PM2.5","2014-01-22 16:00",-999,"unit","1 Hr","Missing"
"521",521,2014,1,22,17,0,15,39.2,2.2,0,1021,"Beijing","PM2.5","2014-01-22 17:00",184,"unit","1 Hr","Valid"
"522",522,2014,1,22,18,0,20,33.8,2.2,0,1021,"Beijing","PM2.5","2014-01-22 18:00",210,"unit","1 Hr","Valid"
"523",523,2014,1,22,19,0,34,28.4,2.2,120,1021,"Beijing","PM2.5","2014-01-22 19:00",213,"unit","1 Hr","Valid"
"524",524,2014,1,22,20,0,34,28.4,2.2,90,1022,"Beijing","PM2.5","2014-01-22 20:00",237,"unit","1 Hr","Valid"
"525",525,2014,1,22,21,0,40,24.8,4.5,80,1022,"Beijing","PM2.5","2014-01-22 21:00",258,"unit","1 Hr","Valid"
"526",526,2014,1,22,22,0,39,23,4.5,70,1022,"Beijing","PM2.5","2014-01-22 22:00",264,"unit","1 Hr","Valid"
"527",527,2014,1,22,23,0,46,23,4.5,100,1022,"Beijing","PM2.5","2014-01-22 23:00",324,"unit","1 Hr","Valid"
"528",528,2014,1,23,0,0,37,26.6,4.5,100,1021,"Beijing","PM2.5","2014-01-23 00:00",344,"unit","1 Hr","Valid"
"529",529,2014,1,23,1,0,46,21.2,4.5,10,1021,"Beijing","PM2.5","2014-01-23 01:00",356,"unit","1 Hr","Valid"
"530",530,2014,1,23,2,0,54,19.4,0,0,1020,"Beijing","PM2.5","2014-01-23 02:00",366,"unit","1 Hr","Valid"
"531",531,2014,1,23,3,0,54,19.4,0,0,1020,"Beijing","PM2.5","2014-01-23 03:00",350,"unit","1 Hr","Valid"
"532",532,2014,1,23,4,0,54,19.4,2.2,10,1020,"Beijing","PM2.5","2014-01-23 04:00",321,"unit","1 Hr","Valid"
"533",533,2014,1,23,5,0,53,17.6,0,0,1019,"Beijing","PM2.5","2014-01-23 05:00",294,"unit","1 Hr","Valid"
"534",534,2014,1,23,6,0,58,17.6,2.2,340,1018,"Beijing","PM2.5","2014-01-23 06:00",239,"unit","1 Hr","Valid"
"535",535,2014,1,23,7,0,53,17.6,4.5,360,1018,"Beijing","PM2.5","2014-01-23 07:00",219,"unit","1 Hr","Valid"
"536",536,2014,1,23,8,0,50,21.2,4.5,10,1018,"Beijing","PM2.5","2014-01-23 08:00",221,"unit","1 Hr","Valid"
"537",537,2014,1,23,9,0,54,23,2.2,0,1018,"Beijing","PM2.5","2014-01-23 09:00",245,"unit","1 Hr","Valid"
"538",538,2014,1,23,10,0,40,28.4,0,0,1017,"Beijing","PM2.5","2014-01-23 10:00",311,"unit","1 Hr","Valid"
"539",539,2014,1,23,11,0,30,32,4.5,10,1018,"Beijing","PM2.5","2014-01-23 11:00",240,"unit","1 Hr","Valid"
"540",540,2014,1,23,12,0,28,35.6,2.2,0,1016,"Beijing","PM2.5","2014-01-23 12:00",235,"unit","1 Hr","Valid"
"541",541,2014,1,23,13,0,28,35.6,4.5,60,1015,"Beijing","PM2.5","2014-01-23 13:00",232,"unit","1 Hr","Valid"
"542",542,2014,1,23,14,0,30,35.6,2.2,0,1014,"Beijing","PM2.5","2014-01-23 14:00",238,"unit","1 Hr","Valid"
"543",543,2014,1,23,15,0,28,37.4,2.2,0,1014,"Beijing","PM2.5","2014-01-23 15:00",243,"unit","1 Hr","Valid"
"544",544,2014,1,23,16,0,28,37.4,2.2,0,1013,"Beijing","PM2.5","2014-01-23 16:00",282,"unit","1 Hr","Valid"
"545",545,2014,1,23,17,0,32,33.8,2.2,50,1013,"Beijing","PM2.5","2014-01-23 17:00",310,"unit","1 Hr","Valid"
"546",546,2014,1,23,18,0,44,30.2,2.2,0,1014,"Beijing","PM2.5","2014-01-23 18:00",295,"unit","1 Hr","Valid"
"547",547,2014,1,23,19,0,54,24.8,2.2,0,1015,"Beijing","PM2.5","2014-01-23 19:00",301,"unit","1 Hr","Valid"
"548",548,2014,1,23,20,0,55,26.6,2.2,10,1015,"Beijing","PM2.5","2014-01-23 20:00",325,"unit","1 Hr","Valid"
"549",549,2014,1,23,21,0,59,23,4.5,20,1015,"Beijing","PM2.5","2014-01-23 21:00",319,"unit","1 Hr","Valid"
"550",550,2014,1,23,22,0,59,24.8,2.2,10,1015,"Beijing","PM2.5","2014-01-23 22:00",335,"unit","1 Hr","Valid"
"551",551,2014,1,23,23,0,55,26.6,4.5,340,1016,"Beijing","PM2.5","2014-01-23 23:00",301,"unit","1 Hr","Valid"
"552",552,2014,1,24,0,0,55,26.6,4.5,340,1015,"Beijing","PM2.5","2014-01-24 00:00",312,"unit","1 Hr","Valid"
"553",553,2014,1,24,1,0,51,26.6,4.5,330,1016,"Beijing","PM2.5","2014-01-24 01:00",316,"unit","1 Hr","Valid"
"554",554,2014,1,24,2,0,55,26.6,4.5,360,1015,"Beijing","PM2.5","2014-01-24 02:00",296,"unit","1 Hr","Valid"
"555",555,2014,1,24,3,0,55,26.6,6.7,350,1014,"Beijing","PM2.5","2014-01-24 03:00",270,"unit","1 Hr","Valid"
"556",556,2014,1,24,4,0,47,28.4,4.5,320,1015,"Beijing","PM2.5","2014-01-24 04:00",252,"unit","1 Hr","Valid"
"557",557,2014,1,24,5,0,51,26.6,8.9,350,1014,"Beijing","PM2.5","2014-01-24 05:00",234,"unit","1 Hr","Valid"
"558",558,2014,1,24,6,0,51,26.6,11.2,360,1014,"Beijing","PM2.5","2014-01-24 06:00",233,"unit","1 Hr","Valid"
"559",559,2014,1,24,7,0,51,26.6,2.2,0,1016,"Beijing","PM2.5","2014-01-24 07:00",241,"unit","1 Hr","Valid"
"560",560,2014,1,24,8,0,51,26.6,2.2,0,1016,"Beijing","PM2.5","2014-01-24 08:00",231,"unit","1 Hr","Valid"
"561",561,2014,1,24,9,0,44,30.2,4.5,360,1017,"Beijing","PM2.5","2014-01-24 09:00",214,"unit","1 Hr","Valid"
"562",562,2014,1,24,10,0,35,33.8,4.5,360,1017,"Beijing","PM2.5","2014-01-24 10:00",210,"unit","1 Hr","Valid"
"563",563,2014,1,24,11,0,22,39.2,6.7,330,1019,"Beijing","PM2.5","2014-01-24 11:00",178,"unit","1 Hr","Valid"
"564",564,2014,1,24,12,0,23,41,11.2,340,1018,"Beijing","PM2.5","2014-01-24 12:00",142,"unit","1 Hr","Valid"
"565",565,2014,1,24,13,0,18,44.6,8.9,360,1017,"Beijing","PM2.5","2014-01-24 13:00",122,"unit","1 Hr","Valid"
"566",566,2014,1,24,14,0,10,50,11.2,20,1016,"Beijing","PM2.5","2014-01-24 14:00",59,"unit","1 Hr","Valid"
"567",567,2014,1,24,15,0,9,50,8.9,20,1017,"Beijing","PM2.5","2014-01-24 15:00",47,"unit","1 Hr","Valid"
"568",568,2014,1,24,16,0,8,50,11.2,30,1017,"Beijing","PM2.5","2014-01-24 16:00",40,"unit","1 Hr","Valid"
"569",569,2014,1,24,17,0,8,48.2,8.9,40,1018,"Beijing","PM2.5","2014-01-24 17:00",32,"unit","1 Hr","Valid"
"570",570,2014,1,24,18,0,8,48.2,8.9,30,1019,"Beijing","PM2.5","2014-01-24 18:00",48,"unit","1 Hr","Valid"
"571",571,2014,1,24,19,0,8,46.4,8.9,40,1020,"Beijing","PM2.5","2014-01-24 19:00",32,"unit","1 Hr","Valid"
"572",572,2014,1,24,20,0,11,41,6.7,20,1021,"Beijing","PM2.5","2014-01-24 20:00",25,"unit","1 Hr","Valid"
"573",573,2014,1,24,21,0,12,39.2,6.7,360,1021,"Beijing","PM2.5","2014-01-24 21:00",26,"unit","1 Hr","Valid"
"574",574,2014,1,24,22,0,12,39.2,4.5,20,1021,"Beijing","PM2.5","2014-01-24 22:00",43,"unit","1 Hr","Valid"
"575",575,2014,1,24,23,0,18,33.8,8.9,360,1022,"Beijing","PM2.5","2014-01-24 23:00",54,"unit","1 Hr","Valid"
"576",576,2014,1,25,0,0,20,33.8,4.5,40,1023,"Beijing","PM2.5","2014-01-25 00:00",55,"unit","1 Hr","Valid"
"577",577,2014,1,25,1,0,25,30.2,4.5,340,1022,"Beijing","PM2.5","2014-01-25 01:00",53,"unit","1 Hr","Valid"
"578",578,2014,1,25,2,0,29,30.2,2.2,0,1023,"Beijing","PM2.5","2014-01-25 02:00",60,"unit","1 Hr","Valid"
"579",579,2014,1,25,3,0,29,30.2,2.2,0,1023,"Beijing","PM2.5","2014-01-25 03:00",55,"unit","1 Hr","Valid"
"580",580,2014,1,25,4,0,29,30.2,4.5,350,1023,"Beijing","PM2.5","2014-01-25 04:00",42,"unit","1 Hr","Valid"
"581",581,2014,1,25,5,0,37,28.4,4.5,350,1023,"Beijing","PM2.5","2014-01-25 05:00",36,"unit","1 Hr","Valid"
"582",582,2014,1,25,6,0,22,33.8,6.7,360,1024,"Beijing","PM2.5","2014-01-25 06:00",32,"unit","1 Hr","Valid"
"583",583,2014,1,25,7,0,18,33.8,6.7,330,1025,"Beijing","PM2.5","2014-01-25 07:00",14,"unit","1 Hr","Valid"
"584",584,2014,1,25,8,0,21,32,6.7,350,1026,"Beijing","PM2.5","2014-01-25 08:00",15,"unit","1 Hr","Valid"
"585",585,2014,1,25,9,0,14,41,8.9,350,1027,"Beijing","PM2.5","2014-01-25 09:00",18,"unit","1 Hr","Valid"
"586",586,2014,1,25,10,0,14,42.8,8.9,20,1028,"Beijing","PM2.5","2014-01-25 10:00",14,"unit","1 Hr","Valid"
"587",587,2014,1,25,11,0,13,42.8,11.2,20,1028,"Beijing","PM2.5","2014-01-25 11:00",15,"unit","1 Hr","Valid"
"588",588,2014,1,25,12,0,12,42.8,13.4,30,1028,"Beijing","PM2.5","2014-01-25 12:00",15,"unit","1 Hr","Valid"
"589",589,2014,1,25,13,0,12,42.8,13.4,40,1027,"Beijing","PM2.5","2014-01-25 13:00",14,"unit","1 Hr","Valid"
"590",590,2014,1,25,14,0,10,42.8,13.4,60,1027,"Beijing","PM2.5","2014-01-25 14:00",19,"unit","1 Hr","Valid"
"591",591,2014,1,25,15,0,10,42.8,11.2,60,1027,"Beijing","PM2.5","2014-01-25 15:00",17,"unit","1 Hr","Valid"
"592",592,2014,1,25,16,0,11,41,8.9,60,1027,"Beijing","PM2.5","2014-01-25 16:00",16,"unit","1 Hr","Valid"
"593",593,2014,1,25,17,0,11,39.2,2.2,90,1028,"Beijing","PM2.5","2014-01-25 17:00",14,"unit","1 Hr","Valid"
"594",594,2014,1,25,18,0,17,32,2.2,0,1029,"Beijing","PM2.5","2014-01-25 18:00",33,"unit","1 Hr","Valid"
"595",595,2014,1,25,19,0,23,30.2,2.2,10,1030,"Beijing","PM2.5","2014-01-25 19:00",45,"unit","1 Hr","Valid"
"596",596,2014,1,25,20,0,21,28.4,6.7,360,1031,"Beijing","PM2.5","2014-01-25 20:00",55,"unit","1 Hr","Valid"
"597",597,2014,1,25,21,0,38,32,6.7,120,1032,"Beijing","PM2.5","2014-01-25 21:00",71,"unit","1 Hr","Valid"
"598",598,2014,1,25,22,0,60,32,6.7,120,1033,"Beijing","PM2.5","2014-01-25 22:00",59,"unit","1 Hr","Valid"
"599",599,2014,1,25,23,0,64,30.2,8.9,140,1034,"Beijing","PM2.5","2014-01-25 23:00",42,"unit","1 Hr","Valid"
"600",600,2014,1,26,0,0,64,28.4,6.7,140,1034,"Beijing","PM2.5","2014-01-26 00:00",31,"unit","1 Hr","Valid"
"601",601,2014,1,26,1,0,64,26.6,4.5,130,1034,"Beijing","PM2.5","2014-01-26 01:00",30,"unit","1 Hr","Valid"
"602",602,2014,1,26,2,0,74,23,2.2,0,1034,"Beijing","PM2.5","2014-01-26 02:00",39,"unit","1 Hr","Valid"
"603",603,2014,1,26,3,0,69,26.6,4.5,150,1034,"Beijing","PM2.5","2014-01-26 03:00",23,"unit","1 Hr","Valid"
"604",604,2014,1,26,4,0,59,28.4,4.5,140,1033,"Beijing","PM2.5","2014-01-26 04:00",26,"unit","1 Hr","Valid"
"605",605,2014,1,26,5,0,59,28.4,4.5,130,1033,"Beijing","PM2.5","2014-01-26 05:00",25,"unit","1 Hr","Valid"
"606",606,2014,1,26,6,0,59,26.6,4.5,150,1033,"Beijing","PM2.5","2014-01-26 06:00",26,"unit","1 Hr","Valid"
"607",607,2014,1,26,7,0,59,23,6.7,170,1034,"Beijing","PM2.5","2014-01-26 07:00",24,"unit","1 Hr","Valid"
"608",608,2014,1,26,8,0,63,21.2,4.5,160,1034,"Beijing","PM2.5","2014-01-26 08:00",29,"unit","1 Hr","Valid"
"609",609,2014,1,26,9,0,55,26.6,4.5,120,1033,"Beijing","PM2.5","2014-01-26 09:00",28,"unit","1 Hr","Valid"
"610",610,2014,1,26,10,0,51,30.2,6.7,140,1033,"Beijing","PM2.5","2014-01-26 10:00",35,"unit","1 Hr","Valid"
"611",611,2014,1,26,11,0,41,33.8,8.9,190,1032,"Beijing","PM2.5","2014-01-26 11:00",35,"unit","1 Hr","Valid"
"612",612,2014,1,26,12,0,38,35.6,11.2,180,1031,"Beijing","PM2.5","2014-01-26 12:00",38,"unit","1 Hr","Valid"
"613",613,2014,1,26,13,0,35,35.6,11.2,180,1029,"Beijing","PM2.5","2014-01-26 13:00",49,"unit","1 Hr","Valid"
"614",614,2014,1,26,14,0,35,35.6,8.9,180,1027,"Beijing","PM2.5","2014-01-26 14:00",65,"unit","1 Hr","Valid"
"615",615,2014,1,26,15,0,33,37.4,8.9,180,1026,"Beijing","PM2.5","2014-01-26 15:00",72,"unit","1 Hr","Valid"
"616",616,2014,1,26,16,0,30,37.4,8.9,170,1024,"Beijing","PM2.5","2014-01-26 16:00",74,"unit","1 Hr","Valid"
"617",617,2014,1,26,17,0,33,35.6,4.5,140,1024,"Beijing","PM2.5","2014-01-26 17:00",80,"unit","1 Hr","Valid"
"618",618,2014,1,26,18,0,35,33.8,2.2,0,1024,"Beijing","PM2.5","2014-01-26 18:00",88,"unit","1 Hr","Valid"
"619",619,2014,1,26,19,0,41,32,6.7,140,1024,"Beijing","PM2.5","2014-01-26 19:00",106,"unit","1 Hr","Valid"
"620",620,2014,1,26,20,0,41,32,6.7,140,1023,"Beijing","PM2.5","2014-01-26 20:00",113,"unit","1 Hr","Valid"
"621",621,2014,1,26,21,0,51,30.2,4.5,110,1023,"Beijing","PM2.5","2014-01-26 21:00",139,"unit","1 Hr","Valid"
"622",622,2014,1,26,22,0,64,28.4,6.7,110,1022,"Beijing","PM2.5","2014-01-26 22:00",119,"unit","1 Hr","Valid"
"623",623,2014,1,26,23,0,69,26.6,4.5,100,1021,"Beijing","PM2.5","2014-01-26 23:00",122,"unit","1 Hr","Valid"
"624",624,2014,1,27,0,0,69,26.6,4.5,100,1020,"Beijing","PM2.5","2014-01-27 00:00",116,"unit","1 Hr","Valid"
"625",625,2014,1,27,1,0,74,23,0,0,1020,"Beijing","PM2.5","2014-01-27 01:00",132,"unit","1 Hr","Valid"
"626",626,2014,1,27,2,0,74,21.2,2.2,20,1019,"Beijing","PM2.5","2014-01-27 02:00",120,"unit","1 Hr","Valid"
"627",627,2014,1,27,3,0,74,21.2,0,0,1019,"Beijing","PM2.5","2014-01-27 03:00",111,"unit","1 Hr","Valid"
"628",628,2014,1,27,4,0,80,19.4,4.5,340,1018,"Beijing","PM2.5","2014-01-27 04:00",108,"unit","1 Hr","Valid"
"629",629,2014,1,27,5,0,74,21.2,4.5,10,1017,"Beijing","PM2.5","2014-01-27 05:00",110,"unit","1 Hr","Valid"
"630",630,2014,1,27,6,0,74,19.4,6.7,350,1017,"Beijing","PM2.5","2014-01-27 06:00",119,"unit","1 Hr","Valid"
"631",631,2014,1,27,7,0,80,19.4,4.5,350,1017,"Beijing","PM2.5","2014-01-27 07:00",125,"unit","1 Hr","Valid"
"632",632,2014,1,27,8,0,74,21.2,4.5,360,1017,"Beijing","PM2.5","2014-01-27 08:00",143,"unit","1 Hr","Valid"
"633",633,2014,1,27,9,0,74,24.8,6.7,360,1017,"Beijing","PM2.5","2014-01-27 09:00",149,"unit","1 Hr","Valid"
"634",634,2014,1,27,10,0,60,30.2,6.7,360,1017,"Beijing","PM2.5","2014-01-27 10:00",133,"unit","1 Hr","Valid"
"635",635,2014,1,27,11,0,38,35.6,6.7,330,1018,"Beijing","PM2.5","2014-01-27 11:00",136,"unit","1 Hr","Valid"
"636",636,2014,1,27,12,0,33,37.4,6.7,340,1017,"Beijing","PM2.5","2014-01-27 12:00",149,"unit","1 Hr","Valid"
"637",637,2014,1,27,13,0,29,41,6.7,350,1016,"Beijing","PM2.5","2014-01-27 13:00",161,"unit","1 Hr","Valid"
"638",638,2014,1,27,14,0,25,44.6,6.7,350,1016,"Beijing","PM2.5","2014-01-27 14:00",167,"unit","1 Hr","Valid"
"639",639,2014,1,27,15,0,25,44.6,4.5,340,1016,"Beijing","PM2.5","2014-01-27 15:00",167,"unit","1 Hr","Valid"
"640",640,2014,1,27,16,0,25,44.6,4.5,10,1017,"Beijing","PM2.5","2014-01-27 16:00",53,"unit","1 Hr","Valid"
"641",641,2014,1,27,17,0,27,42.8,2.2,0,1018,"Beijing","PM2.5","2014-01-27 17:00",19,"unit","1 Hr","Valid"
"642",642,2014,1,27,18,0,12,46.4,15.7,340,1020,"Beijing","PM2.5","2014-01-27 18:00",32,"unit","1 Hr","Valid"
"643",643,2014,1,27,19,0,7,44.6,20.1,350,1022,"Beijing","PM2.5","2014-01-27 19:00",15,"unit","1 Hr","Valid"
"644",644,2014,1,27,20,0,7,44.6,24.6,340,1023,"Beijing","PM2.5","2014-01-27 20:00",11,"unit","1 Hr","Valid"
"645",645,2014,1,27,21,0,8,41,20.1,340,1025,"Beijing","PM2.5","2014-01-27 21:00",10,"unit","1 Hr","Valid"
"646",646,2014,1,27,22,0,8,39.2,17.9,340,1026,"Beijing","PM2.5","2014-01-27 22:00",11,"unit","1 Hr","Valid"
"647",647,2014,1,27,23,0,11,35.6,6.7,30,1027,"Beijing","PM2.5","2014-01-27 23:00",11,"unit","1 Hr","Valid"
"648",648,2014,1,28,0,0,13,35.6,4.5,50,1028,"Beijing","PM2.5","2014-01-28 00:00",9,"unit","1 Hr","Valid"
"649",649,2014,1,28,1,0,21,30.2,6.7,360,1028,"Beijing","PM2.5","2014-01-28 01:00",19,"unit","1 Hr","Valid"
"650",650,2014,1,28,2,0,24,26.6,8.9,10,1029,"Beijing","PM2.5","2014-01-28 02:00",13,"unit","1 Hr","Valid"
"651",651,2014,1,28,3,0,26,24.8,6.7,350,1029,"Beijing","PM2.5","2014-01-28 03:00",13,"unit","1 Hr","Valid"
"652",652,2014,1,28,4,0,28,23,6.7,10,1029,"Beijing","PM2.5","2014-01-28 04:00",14,"unit","1 Hr","Valid"
"653",653,2014,1,28,5,0,26,23,2.2,0,1029,"Beijing","PM2.5","2014-01-28 05:00",17,"unit","1 Hr","Valid"
"654",654,2014,1,28,6,0,26,24.8,6.7,20,1029,"Beijing","PM2.5","2014-01-28 06:00",16,"unit","1 Hr","Valid"
"655",655,2014,1,28,7,0,22,26.6,4.5,150,1030,"Beijing","PM2.5","2014-01-28 07:00",18,"unit","1 Hr","Valid"
"656",656,2014,1,28,8,0,26,24.8,2.2,0,1031,"Beijing","PM2.5","2014-01-28 08:00",31,"unit","1 Hr","Valid"
"657",657,2014,1,28,9,0,23,32,2.2,0,1031,"Beijing","PM2.5","2014-01-28 09:00",23,"unit","1 Hr","Valid"
"658",658,2014,1,28,10,0,17,33.8,4.5,80,1031,"Beijing","PM2.5","2014-01-28 10:00",15,"unit","1 Hr","Valid"
"659",659,2014,1,28,11,0,26,35.6,6.7,100,1031,"Beijing","PM2.5","2014-01-28 11:00",57,"unit","1 Hr","Valid"
"660",660,2014,1,28,12,0,24,37.4,8.9,130,1030,"Beijing","PM2.5","2014-01-28 12:00",65,"unit","1 Hr","Valid"
"661",661,2014,1,28,13,0,31,41,13.4,200,1028,"Beijing","PM2.5","2014-01-28 13:00",64,"unit","1 Hr","Valid"
"662",662,2014,1,28,14,0,29,41,13.4,200,1028,"Beijing","PM2.5","2014-01-28 14:00",65,"unit","1 Hr","Valid"
"663",663,2014,1,28,15,0,31,41,11.2,190,1027,"Beijing","PM2.5","2014-01-28 15:00",64,"unit","1 Hr","Valid"
"664",664,2014,1,28,16,0,29,41,11.2,180,1026,"Beijing","PM2.5","2014-01-28 16:00",81,"unit","1 Hr","Valid"
"665",665,2014,1,28,17,0,28,39.2,8.9,180,1025,"Beijing","PM2.5","2014-01-28 17:00",75,"unit","1 Hr","Valid"
"666",666,2014,1,28,18,0,32,33.8,6.7,180,1025,"Beijing","PM2.5","2014-01-28 18:00",70,"unit","1 Hr","Valid"
"667",667,2014,1,28,19,0,38,32,6.7,160,1025,"Beijing","PM2.5","2014-01-28 19:00",71,"unit","1 Hr","Valid"
"668",668,2014,1,28,20,0,44,33.8,8.9,150,1025,"Beijing","PM2.5","2014-01-28 20:00",83,"unit","1 Hr","Valid"
"669",669,2014,1,28,21,0,60,30.2,8.9,140,1025,"Beijing","PM2.5","2014-01-28 21:00",74,"unit","1 Hr","Valid"
"670",670,2014,1,28,22,0,64,28.4,8.9,130,1024,"Beijing","PM2.5","2014-01-28 22:00",86,"unit","1 Hr","Valid"
"671",671,2014,1,28,23,0,69,26.6,4.5,90,1023,"Beijing","PM2.5","2014-01-28 23:00",75,"unit","1 Hr","Valid"
"672",672,2014,1,29,0,0,69,24.8,4.5,90,1023,"Beijing","PM2.5","2014-01-29 00:00",72,"unit","1 Hr","Valid"
"673",673,2014,1,29,1,0,74,23,4.5,70,1022,"Beijing","PM2.5","2014-01-29 01:00",74,"unit","1 Hr","Valid"
"674",674,2014,1,29,2,0,74,24.8,4.5,90,1021,"Beijing","PM2.5","2014-01-29 02:00",76,"unit","1 Hr","Valid"
"675",675,2014,1,29,3,0,74,23,2.2,0,1020,"Beijing","PM2.5","2014-01-29 03:00",84,"unit","1 Hr","Valid"
"676",676,2014,1,29,4,0,74,21.2,0,0,1019,"Beijing","PM2.5","2014-01-29 04:00",81,"unit","1 Hr","Valid"
"677",677,2014,1,29,5,0,80,19.4,2.2,20,1017,"Beijing","PM2.5","2014-01-29 05:00",86,"unit","1 Hr","Valid"
"678",678,2014,1,29,6,0,80,19.4,2.2,0,1016,"Beijing","PM2.5","2014-01-29 06:00",84,"unit","1 Hr","Valid"
"679",679,2014,1,29,7,0,80,19.4,2.2,70,1016,"Beijing","PM2.5","2014-01-29 07:00",88,"unit","1 Hr","Valid"
"680",680,2014,1,29,8,0,80,19.4,4.5,150,1015,"Beijing","PM2.5","2014-01-29 08:00",91,"unit","1 Hr","Valid"
"681",681,2014,1,29,9,0,74,26.6,2.2,0,1016,"Beijing","PM2.5","2014-01-29 09:00",102,"unit","1 Hr","Valid"
"682",682,2014,1,29,10,0,69,28.4,4.5,120,1015,"Beijing","PM2.5","2014-01-29 10:00",121,"unit","1 Hr","Valid"
"683",683,2014,1,29,11,0,60,32,4.5,80,1014,"Beijing","PM2.5","2014-01-29 11:00",132,"unit","1 Hr","Valid"
"684",684,2014,1,29,12,0,52,33.8,4.5,70,1013,"Beijing","PM2.5","2014-01-29 12:00",163,"unit","1 Hr","Valid"
"685",685,2014,1,29,13,0,44,35.6,4.5,80,1012,"Beijing","PM2.5","2014-01-29 13:00",175,"unit","1 Hr","Valid"
"686",686,2014,1,29,14,0,44,35.6,2.2,0,1011,"Beijing","PM2.5","2014-01-29 14:00",190,"unit","1 Hr","Valid"
"687",687,2014,1,29,15,0,41,37.4,2.2,0,1011,"Beijing","PM2.5","2014-01-29 15:00",203,"unit","1 Hr","Valid"
"688",688,2014,1,29,16,0,41,37.4,2.2,0,1011,"Beijing","PM2.5","2014-01-29 16:00",205,"unit","1 Hr","Valid"
"689",689,2014,1,29,17,0,44,35.6,2.2,0,1011,"Beijing","PM2.5","2014-01-29 17:00",217,"unit","1 Hr","Valid"
"690",690,2014,1,29,18,0,60,30.2,2.2,60,1011,"Beijing","PM2.5","2014-01-29 18:00",241,"unit","1 Hr","Valid"
"691",691,2014,1,29,19,0,64,26.6,2.2,20,1012,"Beijing","PM2.5","2014-01-29 19:00",226,"unit","1 Hr","Valid"
"692",692,2014,1,29,20,0,64,26.6,4.5,360,1013,"Beijing","PM2.5","2014-01-29 20:00",225,"unit","1 Hr","Valid"
"693",693,2014,1,29,21,0,64,26.6,6.7,10,1013,"Beijing","PM2.5","2014-01-29 21:00",205,"unit","1 Hr","Valid"
"694",694,2014,1,29,22,0,64,24.8,6.7,360,1013,"Beijing","PM2.5","2014-01-29 22:00",213,"unit","1 Hr","Valid"
"695",695,2014,1,29,23,0,64,28.4,2.2,0,1013,"Beijing","PM2.5","2014-01-29 23:00",229,"unit","1 Hr","Valid"
"696",696,2014,1,30,0,0,59,26.6,2.2,0,1014,"Beijing","PM2.5","2014-01-30 00:00",217,"unit","1 Hr","Valid"
"697",697,2014,1,30,1,0,59,26.6,2.2,0,1014,"Beijing","PM2.5","2014-01-30 01:00",218,"unit","1 Hr","Valid"
"698",698,2014,1,30,2,0,64,24.8,4.5,150,1015,"Beijing","PM2.5","2014-01-30 02:00",128,"unit","1 Hr","Valid"
"699",699,2014,1,30,3,0,55,28.4,2.2,0,1015,"Beijing","PM2.5","2014-01-30 03:00",88,"unit","1 Hr","Valid"
"700",700,2014,1,30,4,0,34,30.2,11.2,340,1016,"Beijing","PM2.5","2014-01-30 04:00",20,"unit","1 Hr","Valid"
"701",701,2014,1,30,5,0,46,24.8,8.9,340,1016,"Beijing","PM2.5","2014-01-30 05:00",16,"unit","1 Hr","Valid"
"702",702,2014,1,30,6,0,18,33.8,13.4,320,1017,"Beijing","PM2.5","2014-01-30 06:00",6,"unit","1 Hr","Valid"
"703",703,2014,1,30,7,0,21,32,8.9,340,1018,"Beijing","PM2.5","2014-01-30 07:00",12,"unit","1 Hr","Valid"
"704",704,2014,1,30,8,0,27,28.4,6.7,360,1019,"Beijing","PM2.5","2014-01-30 08:00",20,"unit","1 Hr","Valid"
"705",705,2014,1,30,9,0,12,39.2,2.2,0,1020,"Beijing","PM2.5","2014-01-30 09:00",26,"unit","1 Hr","Valid"
"706",706,2014,1,30,10,0,11,39.2,8.9,50,1021,"Beijing","PM2.5","2014-01-30 10:00",16,"unit","1 Hr","Valid"
"707",707,2014,1,30,11,0,9,41,6.7,40,1021,"Beijing","PM2.5","2014-01-30 11:00",16,"unit","1 Hr","Valid"
"708",708,2014,1,30,12,0,7,44.6,4.5,20,1020,"Beijing","PM2.5","2014-01-30 12:00",16,"unit","1 Hr","Valid"
"709",709,2014,1,30,13,0,7,44.6,6.7,90,1018,"Beijing","PM2.5","2014-01-30 13:00",12,"unit","1 Hr","Valid"
"710",710,2014,1,30,14,0,7,46.4,4.5,80,1017,"Beijing","PM2.5","2014-01-30 14:00",17,"unit","1 Hr","Valid"
"711",711,2014,1,30,15,0,7,46.4,4.5,90,1017,"Beijing","PM2.5","2014-01-30 15:00",17,"unit","1 Hr","Valid"
"712",712,2014,1,30,16,0,7,46.4,8.9,190,1017,"Beijing","PM2.5","2014-01-30 16:00",25,"unit","1 Hr","Valid"
"713",713,2014,1,30,17,0,9,44.6,8.9,160,1017,"Beijing","PM2.5","2014-01-30 17:00",39,"unit","1 Hr","Valid"
"714",714,2014,1,30,18,0,11,39.2,4.5,150,1018,"Beijing","PM2.5","2014-01-30 18:00",54,"unit","1 Hr","Valid"
"715",715,2014,1,30,19,0,19,39.2,11.2,150,1018,"Beijing","PM2.5","2014-01-30 19:00",123,"unit","1 Hr","Valid"
"716",716,2014,1,30,20,0,52,35.6,11.2,130,1019,"Beijing","PM2.5","2014-01-30 20:00",142,"unit","1 Hr","Valid"
"717",717,2014,1,30,21,0,64,32,6.7,120,1020,"Beijing","PM2.5","2014-01-30 21:00",157,"unit","1 Hr","Valid"
"718",718,2014,1,30,22,0,75,30.2,8.9,130,1020,"Beijing","PM2.5","2014-01-30 22:00",190,"unit","1 Hr","Valid"
"719",719,2014,1,30,23,0,74,28.4,6.7,110,1020,"Beijing","PM2.5","2014-01-30 23:00",137,"unit","1 Hr","Valid"
"720",720,2014,1,31,0,0,64,30.2,6.7,120,1021,"Beijing","PM2.5","2014-01-31 00:00",469,"unit","1 Hr","Valid"
"721",721,2014,1,31,1,0,64,30.2,4.5,110,1021,"Beijing","PM2.5","2014-01-31 01:00",344,"unit","1 Hr","Valid"
"722",722,2014,1,31,2,0,64,30.2,6.7,120,1021,"Beijing","PM2.5","2014-01-31 02:00",281,"unit","1 Hr","Valid"
"723",723,2014,1,31,3,0,69,28.4,4.5,100,1021,"Beijing","PM2.5","2014-01-31 03:00",209,"unit","1 Hr","Valid"
"724",724,2014,1,31,4,0,64,28.4,2.2,0,1020,"Beijing","PM2.5","2014-01-31 04:00",150,"unit","1 Hr","Valid"
"725",725,2014,1,31,5,0,69,24.8,2.2,30,1020,"Beijing","PM2.5","2014-01-31 05:00",138,"unit","1 Hr","Valid"
"726",726,2014,1,31,6,0,69,24.8,4.5,360,1020,"Beijing","PM2.5","2014-01-31 06:00",133,"unit","1 Hr","Valid"
"727",727,2014,1,31,7,0,69,26.6,4.5,360,1020,"Beijing","PM2.5","2014-01-31 07:00",130,"unit","1 Hr","Valid"
"728",728,2014,1,31,8,0,74,24.8,4.5,360,1020,"Beijing","PM2.5","2014-01-31 08:00",143,"unit","1 Hr","Valid"
"729",729,2014,1,31,9,0,69,30.2,8.9,10,1020,"Beijing","PM2.5","2014-01-31 09:00",103,"unit","1 Hr","Valid"
"730",730,2014,1,31,10,0,56,33.8,8.9,340,1020,"Beijing","PM2.5","2014-01-31 10:00",81,"unit","1 Hr","Valid"
"731",731,2014,1,31,11,0,52,35.6,8.9,350,1020,"Beijing","PM2.5","2014-01-31 11:00",70,"unit","1 Hr","Valid"
"732",732,2014,1,31,12,0,52,35.6,2.2,0,1019,"Beijing","PM2.5","2014-01-31 12:00",81,"unit","1 Hr","Valid"
"733",733,2014,1,31,13,0,48,37.4,4.5,280,1019,"Beijing","PM2.5","2014-01-31 13:00",117,"unit","1 Hr","Valid"
"734",734,2014,1,31,14,0,52,37.4,2.2,0,1018,"Beijing","PM2.5","2014-01-31 14:00",130,"unit","1 Hr","Valid"
"735",735,2014,1,31,15,0,56,37.4,4.5,140,1017,"Beijing","PM2.5","2014-01-31 15:00",146,"unit","1 Hr","Valid"
"736",736,2014,1,31,16,0,56,37.4,4.5,160,1017,"Beijing","PM2.5","2014-01-31 16:00",144,"unit","1 Hr","Valid"
"737",737,2014,1,31,17,0,56,35.6,2.2,0,1017,"Beijing","PM2.5","2014-01-31 17:00",147,"unit","1 Hr","Valid"
"738",738,2014,1,31,18,0,52,35.6,2.2,0,1018,"Beijing","PM2.5","2014-01-31 18:00",140,"unit","1 Hr","Valid"
"739",739,2014,1,31,19,0,56,33.8,2.2,0,1019,"Beijing","PM2.5","2014-01-31 19:00",148,"unit","1 Hr","Valid"
"740",740,2014,1,31,20,0,60,35.6,2.2,0,1019,"Beijing","PM2.5","2014-01-31 20:00",155,"unit","1 Hr","Valid"
"741",741,2014,1,31,21,0,60,35.6,2.2,0,1019,"Beijing","PM2.5","2014-01-31 21:00",167,"unit","1 Hr","Valid"
"742",742,2014,1,31,22,0,60,35.6,0,0,1019,"Beijing","PM2.5","2014-01-31 22:00",180,"unit","1 Hr","Valid"
"743",743,2014,1,31,23,0,65,35.6,2.2,0,1019,"Beijing","PM2.5","2014-01-31 23:00",183,"unit","1 Hr","Valid"
